Copyright 1986-2019 Xilinx, Inc. All Rights Reserved.
--------------------------------------------------------------------------------------------------------------------------------------------------------------------------------------
| Tool Version : Vivado v.2019.1 (win64) Build 2552052 Fri May 24 14:49:42 MDT 2019
| Date         : Sat May 16 19:14:47 2026
| Host         : LAPTOP-RNRU6CQQ running 64-bit major release  (build 9200)
| Command      : report_methodology -file design_1_wrapper_methodology_drc_routed.rpt -pb design_1_wrapper_methodology_drc_routed.pb -rpx design_1_wrapper_methodology_drc_routed.rpx
| Design       : design_1_wrapper
| Device       : xc7z020clg484-1
| Speed File   : -1
| Design State : Fully Routed
--------------------------------------------------------------------------------------------------------------------------------------------------------------------------------------

Report Methodology

Table of Contents
-----------------
1. REPORT SUMMARY
2. REPORT DETAILS

1. REPORT SUMMARY
-----------------
            Netlist: netlist
          Floorplan: design_1
      Design limits: <entire design considered>
             Max violations: <unlimited>
             Violations found: 193
+----------+----------+-------------------------------------------------+------------+
| Rule     | Severity | Description                                     | Violations |
+----------+----------+-------------------------------------------------+------------+
| DPIR-1   | Warning  | Asynchronous driver check                       | 177        |
| LUTAR-1  | Warning  | LUT drives async reset alert                    | 6          |
| PDRC-190 | Warning  | Suboptimally placed synchronized register chain | 10         |
+----------+----------+-------------------------------------------------+------------+

2. REPORT DETAILS
-----------------
DPIR-1#1 Warning
Asynchronous driver check  
DSP design_1_i/polymul_axi_top_0/inst/u_core/u_dbu/u_bu_even/u_mul/product input pin design_1_i/polymul_axi_top_0/inst/u_core/u_dbu/u_bu_even/u_mul/product/A[0] is connected to registers with an asynchronous reset. This is preventing the possibility of merging these registers in to the DSP Block since the DSP block registers only possess synchronous reset capability.  It is suggested to recode or change these registers to remove the reset or use a synchronous reset to get the best optimization for performance, power and area.
Related violations: <none>

DPIR-1#2 Warning
Asynchronous driver check  
DSP design_1_i/polymul_axi_top_0/inst/u_core/u_dbu/u_bu_even/u_mul/product input pin design_1_i/polymul_axi_top_0/inst/u_core/u_dbu/u_bu_even/u_mul/product/A[10] is connected to registers with an asynchronous reset. This is preventing the possibility of merging these registers in to the DSP Block since the DSP block registers only possess synchronous reset capability.  It is suggested to recode or change these registers to remove the reset or use a synchronous reset to get the best optimization for performance, power and area.
Related violations: <none>

DPIR-1#3 Warning
Asynchronous driver check  
DSP design_1_i/polymul_axi_top_0/inst/u_core/u_dbu/u_bu_even/u_mul/product input pin design_1_i/polymul_axi_top_0/inst/u_core/u_dbu/u_bu_even/u_mul/product/A[11] is connected to registers with an asynchronous reset. This is preventing the possibility of merging these registers in to the DSP Block since the DSP block registers only possess synchronous reset capability.  It is suggested to recode or change these registers to remove the reset or use a synchronous reset to get the best optimization for performance, power and area.
Related violations: <none>

DPIR-1#4 Warning
Asynchronous driver check  
DSP design_1_i/polymul_axi_top_0/inst/u_core/u_dbu/u_bu_even/u_mul/product input pin design_1_i/polymul_axi_top_0/inst/u_core/u_dbu/u_bu_even/u_mul/product/A[12] is connected to registers with an asynchronous reset. This is preventing the possibility of merging these registers in to the DSP Block since the DSP block registers only possess synchronous reset capability.  It is suggested to recode or change these registers to remove the reset or use a synchronous reset to get the best optimization for performance, power and area.
Related violations: <none>

DPIR-1#5 Warning
Asynchronous driver check  
DSP design_1_i/polymul_axi_top_0/inst/u_core/u_dbu/u_bu_even/u_mul/product input pin design_1_i/polymul_axi_top_0/inst/u_core/u_dbu/u_bu_even/u_mul/product/A[13] is connected to registers with an asynchronous reset. This is preventing the possibility of merging these registers in to the DSP Block since the DSP block registers only possess synchronous reset capability.  It is suggested to recode or change these registers to remove the reset or use a synchronous reset to get the best optimization for performance, power and area.
Related violations: <none>

DPIR-1#6 Warning
Asynchronous driver check  
DSP design_1_i/polymul_axi_top_0/inst/u_core/u_dbu/u_bu_even/u_mul/product input pin design_1_i/polymul_axi_top_0/inst/u_core/u_dbu/u_bu_even/u_mul/product/A[14] is connected to registers with an asynchronous reset. This is preventing the possibility of merging these registers in to the DSP Block since the DSP block registers only possess synchronous reset capability.  It is suggested to recode or change these registers to remove the reset or use a synchronous reset to get the best optimization for performance, power and area.
Related violations: <none>

DPIR-1#7 Warning
Asynchronous driver check  
DSP design_1_i/polymul_axi_top_0/inst/u_core/u_dbu/u_bu_even/u_mul/product input pin design_1_i/polymul_axi_top_0/inst/u_core/u_dbu/u_bu_even/u_mul/product/A[15] is connected to registers with an asynchronous reset. This is preventing the possibility of merging these registers in to the DSP Block since the DSP block registers only possess synchronous reset capability.  It is suggested to recode or change these registers to remove the reset or use a synchronous reset to get the best optimization for performance, power and area.
Related violations: <none>

DPIR-1#8 Warning
Asynchronous driver check  
DSP design_1_i/polymul_axi_top_0/inst/u_core/u_dbu/u_bu_even/u_mul/product input pin design_1_i/polymul_axi_top_0/inst/u_core/u_dbu/u_bu_even/u_mul/product/A[1] is connected to registers with an asynchronous reset. This is preventing the possibility of merging these registers in to the DSP Block since the DSP block registers only possess synchronous reset capability.  It is suggested to recode or change these registers to remove the reset or use a synchronous reset to get the best optimization for performance, power and area.
Related violations: <none>

DPIR-1#9 Warning
Asynchronous driver check  
DSP design_1_i/polymul_axi_top_0/inst/u_core/u_dbu/u_bu_even/u_mul/product input pin design_1_i/polymul_axi_top_0/inst/u_core/u_dbu/u_bu_even/u_mul/product/A[2] is connected to registers with an asynchronous reset. This is preventing the possibility of merging these registers in to the DSP Block since the DSP block registers only possess synchronous reset capability.  It is suggested to recode or change these registers to remove the reset or use a synchronous reset to get the best optimization for performance, power and area.
Related violations: <none>

DPIR-1#10 Warning
Asynchronous driver check  
DSP design_1_i/polymul_axi_top_0/inst/u_core/u_dbu/u_bu_even/u_mul/product input pin design_1_i/polymul_axi_top_0/inst/u_core/u_dbu/u_bu_even/u_mul/product/A[3] is connected to registers with an asynchronous reset. This is preventing the possibility of merging these registers in to the DSP Block since the DSP block registers only possess synchronous reset capability.  It is suggested to recode or change these registers to remove the reset or use a synchronous reset to get the best optimization for performance, power and area.
Related violations: <none>

DPIR-1#11 Warning
Asynchronous driver check  
DSP design_1_i/polymul_axi_top_0/inst/u_core/u_dbu/u_bu_even/u_mul/product input pin design_1_i/polymul_axi_top_0/inst/u_core/u_dbu/u_bu_even/u_mul/product/A[4] is connected to registers with an asynchronous reset. This is preventing the possibility of merging these registers in to the DSP Block since the DSP block registers only possess synchronous reset capability.  It is suggested to recode or change these registers to remove the reset or use a synchronous reset to get the best optimization for performance, power and area.
Related violations: <none>

DPIR-1#12 Warning
Asynchronous driver check  
DSP design_1_i/polymul_axi_top_0/inst/u_core/u_dbu/u_bu_even/u_mul/product input pin design_1_i/polymul_axi_top_0/inst/u_core/u_dbu/u_bu_even/u_mul/product/A[5] is connected to registers with an asynchronous reset. This is preventing the possibility of merging these registers in to the DSP Block since the DSP block registers only possess synchronous reset capability.  It is suggested to recode or change these registers to remove the reset or use a synchronous reset to get the best optimization for performance, power and area.
Related violations: <none>

DPIR-1#13 Warning
Asynchronous driver check  
DSP design_1_i/polymul_axi_top_0/inst/u_core/u_dbu/u_bu_even/u_mul/product input pin design_1_i/polymul_axi_top_0/inst/u_core/u_dbu/u_bu_even/u_mul/product/A[6] is connected to registers with an asynchronous reset. This is preventing the possibility of merging these registers in to the DSP Block since the DSP block registers only possess synchronous reset capability.  It is suggested to recode or change these registers to remove the reset or use a synchronous reset to get the best optimization for performance, power and area.
Related violations: <none>

DPIR-1#14 Warning
Asynchronous driver check  
DSP design_1_i/polymul_axi_top_0/inst/u_core/u_dbu/u_bu_even/u_mul/product input pin design_1_i/polymul_axi_top_0/inst/u_core/u_dbu/u_bu_even/u_mul/product/A[7] is connected to registers with an asynchronous reset. This is preventing the possibility of merging these registers in to the DSP Block since the DSP block registers only possess synchronous reset capability.  It is suggested to recode or change these registers to remove the reset or use a synchronous reset to get the best optimization for performance, power and area.
Related violations: <none>

DPIR-1#15 Warning
Asynchronous driver check  
DSP design_1_i/polymul_axi_top_0/inst/u_core/u_dbu/u_bu_even/u_mul/product input pin design_1_i/polymul_axi_top_0/inst/u_core/u_dbu/u_bu_even/u_mul/product/A[8] is connected to registers with an asynchronous reset. This is preventing the possibility of merging these registers in to the DSP Block since the DSP block registers only possess synchronous reset capability.  It is suggested to recode or change these registers to remove the reset or use a synchronous reset to get the best optimization for performance, power and area.
Related violations: <none>

DPIR-1#16 Warning
Asynchronous driver check  
DSP design_1_i/polymul_axi_top_0/inst/u_core/u_dbu/u_bu_even/u_mul/product input pin design_1_i/polymul_axi_top_0/inst/u_core/u_dbu/u_bu_even/u_mul/product/A[9] is connected to registers with an asynchronous reset. This is preventing the possibility of merging these registers in to the DSP Block since the DSP block registers only possess synchronous reset capability.  It is suggested to recode or change these registers to remove the reset or use a synchronous reset to get the best optimization for performance, power and area.
Related violations: <none>

DPIR-1#17 Warning
Asynchronous driver check  
DSP design_1_i/polymul_axi_top_0/inst/u_core/u_dbu/u_bu_even/u_mul/product input pin design_1_i/polymul_axi_top_0/inst/u_core/u_dbu/u_bu_even/u_mul/product/B[0] is connected to registers with an asynchronous reset. This is preventing the possibility of merging these registers in to the DSP Block since the DSP block registers only possess synchronous reset capability.  It is suggested to recode or change these registers to remove the reset or use a synchronous reset to get the best optimization for performance, power and area.
Related violations: <none>

DPIR-1#18 Warning
Asynchronous driver check  
DSP design_1_i/polymul_axi_top_0/inst/u_core/u_dbu/u_bu_even/u_mul/product input pin design_1_i/polymul_axi_top_0/inst/u_core/u_dbu/u_bu_even/u_mul/product/B[10] is connected to registers with an asynchronous reset. This is preventing the possibility of merging these registers in to the DSP Block since the DSP block registers only possess synchronous reset capability.  It is suggested to recode or change these registers to remove the reset or use a synchronous reset to get the best optimization for performance, power and area.
Related violations: <none>

DPIR-1#19 Warning
Asynchronous driver check  
DSP design_1_i/polymul_axi_top_0/inst/u_core/u_dbu/u_bu_even/u_mul/product input pin design_1_i/polymul_axi_top_0/inst/u_core/u_dbu/u_bu_even/u_mul/product/B[11] is connected to registers with an asynchronous reset. This is preventing the possibility of merging these registers in to the DSP Block since the DSP block registers only possess synchronous reset capability.  It is suggested to recode or change these registers to remove the reset or use a synchronous reset to get the best optimization for performance, power and area.
Related violations: <none>

DPIR-1#20 Warning
Asynchronous driver check  
DSP design_1_i/polymul_axi_top_0/inst/u_core/u_dbu/u_bu_even/u_mul/product input pin design_1_i/polymul_axi_top_0/inst/u_core/u_dbu/u_bu_even/u_mul/product/B[1] is connected to registers with an asynchronous reset. This is preventing the possibility of merging these registers in to the DSP Block since the DSP block registers only possess synchronous reset capability.  It is suggested to recode or change these registers to remove the reset or use a synchronous reset to get the best optimization for performance, power and area.
Related violations: <none>

DPIR-1#21 Warning
Asynchronous driver check  
DSP design_1_i/polymul_axi_top_0/inst/u_core/u_dbu/u_bu_even/u_mul/product input pin design_1_i/polymul_axi_top_0/inst/u_core/u_dbu/u_bu_even/u_mul/product/B[2] is connected to registers with an asynchronous reset. This is preventing the possibility of merging these registers in to the DSP Block since the DSP block registers only possess synchronous reset capability.  It is suggested to recode or change these registers to remove the reset or use a synchronous reset to get the best optimization for performance, power and area.
Related violations: <none>

DPIR-1#22 Warning
Asynchronous driver check  
DSP design_1_i/polymul_axi_top_0/inst/u_core/u_dbu/u_bu_even/u_mul/product input pin design_1_i/polymul_axi_top_0/inst/u_core/u_dbu/u_bu_even/u_mul/product/B[3] is connected to registers with an asynchronous reset. This is preventing the possibility of merging these registers in to the DSP Block since the DSP block registers only possess synchronous reset capability.  It is suggested to recode or change these registers to remove the reset or use a synchronous reset to get the best optimization for performance, power and area.
Related violations: <none>

DPIR-1#23 Warning
Asynchronous driver check  
DSP design_1_i/polymul_axi_top_0/inst/u_core/u_dbu/u_bu_even/u_mul/product input pin design_1_i/polymul_axi_top_0/inst/u_core/u_dbu/u_bu_even/u_mul/product/B[4] is connected to registers with an asynchronous reset. This is preventing the possibility of merging these registers in to the DSP Block since the DSP block registers only possess synchronous reset capability.  It is suggested to recode or change these registers to remove the reset or use a synchronous reset to get the best optimization for performance, power and area.
Related violations: <none>

DPIR-1#24 Warning
Asynchronous driver check  
DSP design_1_i/polymul_axi_top_0/inst/u_core/u_dbu/u_bu_even/u_mul/product input pin design_1_i/polymul_axi_top_0/inst/u_core/u_dbu/u_bu_even/u_mul/product/B[5] is connected to registers with an asynchronous reset. This is preventing the possibility of merging these registers in to the DSP Block since the DSP block registers only possess synchronous reset capability.  It is suggested to recode or change these registers to remove the reset or use a synchronous reset to get the best optimization for performance, power and area.
Related violations: <none>

DPIR-1#25 Warning
Asynchronous driver check  
DSP design_1_i/polymul_axi_top_0/inst/u_core/u_dbu/u_bu_even/u_mul/product input pin design_1_i/polymul_axi_top_0/inst/u_core/u_dbu/u_bu_even/u_mul/product/B[6] is connected to registers with an asynchronous reset. This is preventing the possibility of merging these registers in to the DSP Block since the DSP block registers only possess synchronous reset capability.  It is suggested to recode or change these registers to remove the reset or use a synchronous reset to get the best optimization for performance, power and area.
Related violations: <none>

DPIR-1#26 Warning
Asynchronous driver check  
DSP design_1_i/polymul_axi_top_0/inst/u_core/u_dbu/u_bu_even/u_mul/product input pin design_1_i/polymul_axi_top_0/inst/u_core/u_dbu/u_bu_even/u_mul/product/B[7] is connected to registers with an asynchronous reset. This is preventing the possibility of merging these registers in to the DSP Block since the DSP block registers only possess synchronous reset capability.  It is suggested to recode or change these registers to remove the reset or use a synchronous reset to get the best optimization for performance, power and area.
Related violations: <none>

DPIR-1#27 Warning
Asynchronous driver check  
DSP design_1_i/polymul_axi_top_0/inst/u_core/u_dbu/u_bu_even/u_mul/product input pin design_1_i/polymul_axi_top_0/inst/u_core/u_dbu/u_bu_even/u_mul/product/B[8] is connected to registers with an asynchronous reset. This is preventing the possibility of merging these registers in to the DSP Block since the DSP block registers only possess synchronous reset capability.  It is suggested to recode or change these registers to remove the reset or use a synchronous reset to get the best optimization for performance, power and area.
Related violations: <none>

DPIR-1#28 Warning
Asynchronous driver check  
DSP design_1_i/polymul_axi_top_0/inst/u_core/u_dbu/u_bu_even/u_mul/product input pin design_1_i/polymul_axi_top_0/inst/u_core/u_dbu/u_bu_even/u_mul/product/B[9] is connected to registers with an asynchronous reset. This is preventing the possibility of merging these registers in to the DSP Block since the DSP block registers only possess synchronous reset capability.  It is suggested to recode or change these registers to remove the reset or use a synchronous reset to get the best optimization for performance, power and area.
Related violations: <none>

DPIR-1#29 Warning
Asynchronous driver check  
DSP design_1_i/polymul_axi_top_0/inst/u_core/u_dbu/u_bu_odd/u_mul/product input pin design_1_i/polymul_axi_top_0/inst/u_core/u_dbu/u_bu_odd/u_mul/product/A[0] is connected to registers with an asynchronous reset. This is preventing the possibility of merging these registers in to the DSP Block since the DSP block registers only possess synchronous reset capability.  It is suggested to recode or change these registers to remove the reset or use a synchronous reset to get the best optimization for performance, power and area.
Related violations: <none>

DPIR-1#30 Warning
Asynchronous driver check  
DSP design_1_i/polymul_axi_top_0/inst/u_core/u_dbu/u_bu_odd/u_mul/product input pin design_1_i/polymul_axi_top_0/inst/u_core/u_dbu/u_bu_odd/u_mul/product/A[10] is connected to registers with an asynchronous reset. This is preventing the possibility of merging these registers in to the DSP Block since the DSP block registers only possess synchronous reset capability.  It is suggested to recode or change these registers to remove the reset or use a synchronous reset to get the best optimization for performance, power and area.
Related violations: <none>

DPIR-1#31 Warning
Asynchronous driver check  
DSP design_1_i/polymul_axi_top_0/inst/u_core/u_dbu/u_bu_odd/u_mul/product input pin design_1_i/polymul_axi_top_0/inst/u_core/u_dbu/u_bu_odd/u_mul/product/A[11] is connected to registers with an asynchronous reset. This is preventing the possibility of merging these registers in to the DSP Block since the DSP block registers only possess synchronous reset capability.  It is suggested to recode or change these registers to remove the reset or use a synchronous reset to get the best optimization for performance, power and area.
Related violations: <none>

DPIR-1#32 Warning
Asynchronous driver check  
DSP design_1_i/polymul_axi_top_0/inst/u_core/u_dbu/u_bu_odd/u_mul/product input pin design_1_i/polymul_axi_top_0/inst/u_core/u_dbu/u_bu_odd/u_mul/product/A[12] is connected to registers with an asynchronous reset. This is preventing the possibility of merging these registers in to the DSP Block since the DSP block registers only possess synchronous reset capability.  It is suggested to recode or change these registers to remove the reset or use a synchronous reset to get the best optimization for performance, power and area.
Related violations: <none>

DPIR-1#33 Warning
Asynchronous driver check  
DSP design_1_i/polymul_axi_top_0/inst/u_core/u_dbu/u_bu_odd/u_mul/product input pin design_1_i/polymul_axi_top_0/inst/u_core/u_dbu/u_bu_odd/u_mul/product/A[13] is connected to registers with an asynchronous reset. This is preventing the possibility of merging these registers in to the DSP Block since the DSP block registers only possess synchronous reset capability.  It is suggested to recode or change these registers to remove the reset or use a synchronous reset to get the best optimization for performance, power and area.
Related violations: <none>

DPIR-1#34 Warning
Asynchronous driver check  
DSP design_1_i/polymul_axi_top_0/inst/u_core/u_dbu/u_bu_odd/u_mul/product input pin design_1_i/polymul_axi_top_0/inst/u_core/u_dbu/u_bu_odd/u_mul/product/A[14] is connected to registers with an asynchronous reset. This is preventing the possibility of merging these registers in to the DSP Block since the DSP block registers only possess synchronous reset capability.  It is suggested to recode or change these registers to remove the reset or use a synchronous reset to get the best optimization for performance, power and area.
Related violations: <none>

DPIR-1#35 Warning
Asynchronous driver check  
DSP design_1_i/polymul_axi_top_0/inst/u_core/u_dbu/u_bu_odd/u_mul/product input pin design_1_i/polymul_axi_top_0/inst/u_core/u_dbu/u_bu_odd/u_mul/product/A[15] is connected to registers with an asynchronous reset. This is preventing the possibility of merging these registers in to the DSP Block since the DSP block registers only possess synchronous reset capability.  It is suggested to recode or change these registers to remove the reset or use a synchronous reset to get the best optimization for performance, power and area.
Related violations: <none>

DPIR-1#36 Warning
Asynchronous driver check  
DSP design_1_i/polymul_axi_top_0/inst/u_core/u_dbu/u_bu_odd/u_mul/product input pin design_1_i/polymul_axi_top_0/inst/u_core/u_dbu/u_bu_odd/u_mul/product/A[1] is connected to registers with an asynchronous reset. This is preventing the possibility of merging these registers in to the DSP Block since the DSP block registers only possess synchronous reset capability.  It is suggested to recode or change these registers to remove the reset or use a synchronous reset to get the best optimization for performance, power and area.
Related violations: <none>

DPIR-1#37 Warning
Asynchronous driver check  
DSP design_1_i/polymul_axi_top_0/inst/u_core/u_dbu/u_bu_odd/u_mul/product input pin design_1_i/polymul_axi_top_0/inst/u_core/u_dbu/u_bu_odd/u_mul/product/A[2] is connected to registers with an asynchronous reset. This is preventing the possibility of merging these registers in to the DSP Block since the DSP block registers only possess synchronous reset capability.  It is suggested to recode or change these registers to remove the reset or use a synchronous reset to get the best optimization for performance, power and area.
Related violations: <none>

DPIR-1#38 Warning
Asynchronous driver check  
DSP design_1_i/polymul_axi_top_0/inst/u_core/u_dbu/u_bu_odd/u_mul/product input pin design_1_i/polymul_axi_top_0/inst/u_core/u_dbu/u_bu_odd/u_mul/product/A[3] is connected to registers with an asynchronous reset. This is preventing the possibility of merging these registers in to the DSP Block since the DSP block registers only possess synchronous reset capability.  It is suggested to recode or change these registers to remove the reset or use a synchronous reset to get the best optimization for performance, power and area.
Related violations: <none>

DPIR-1#39 Warning
Asynchronous driver check  
DSP design_1_i/polymul_axi_top_0/inst/u_core/u_dbu/u_bu_odd/u_mul/product input pin design_1_i/polymul_axi_top_0/inst/u_core/u_dbu/u_bu_odd/u_mul/product/A[4] is connected to registers with an asynchronous reset. This is preventing the possibility of merging these registers in to the DSP Block since the DSP block registers only possess synchronous reset capability.  It is suggested to recode or change these registers to remove the reset or use a synchronous reset to get the best optimization for performance, power and area.
Related violations: <none>

DPIR-1#40 Warning
Asynchronous driver check  
DSP design_1_i/polymul_axi_top_0/inst/u_core/u_dbu/u_bu_odd/u_mul/product input pin design_1_i/polymul_axi_top_0/inst/u_core/u_dbu/u_bu_odd/u_mul/product/A[5] is connected to registers with an asynchronous reset. This is preventing the possibility of merging these registers in to the DSP Block since the DSP block registers only possess synchronous reset capability.  It is suggested to recode or change these registers to remove the reset or use a synchronous reset to get the best optimization for performance, power and area.
Related violations: <none>

DPIR-1#41 Warning
Asynchronous driver check  
DSP design_1_i/polymul_axi_top_0/inst/u_core/u_dbu/u_bu_odd/u_mul/product input pin design_1_i/polymul_axi_top_0/inst/u_core/u_dbu/u_bu_odd/u_mul/product/A[6] is connected to registers with an asynchronous reset. This is preventing the possibility of merging these registers in to the DSP Block since the DSP block registers only possess synchronous reset capability.  It is suggested to recode or change these registers to remove the reset or use a synchronous reset to get the best optimization for performance, power and area.
Related violations: <none>

DPIR-1#42 Warning
Asynchronous driver check  
DSP design_1_i/polymul_axi_top_0/inst/u_core/u_dbu/u_bu_odd/u_mul/product input pin design_1_i/polymul_axi_top_0/inst/u_core/u_dbu/u_bu_odd/u_mul/product/A[7] is connected to registers with an asynchronous reset. This is preventing the possibility of merging these registers in to the DSP Block since the DSP block registers only possess synchronous reset capability.  It is suggested to recode or change these registers to remove the reset or use a synchronous reset to get the best optimization for performance, power and area.
Related violations: <none>

DPIR-1#43 Warning
Asynchronous driver check  
DSP design_1_i/polymul_axi_top_0/inst/u_core/u_dbu/u_bu_odd/u_mul/product input pin design_1_i/polymul_axi_top_0/inst/u_core/u_dbu/u_bu_odd/u_mul/product/A[8] is connected to registers with an asynchronous reset. This is preventing the possibility of merging these registers in to the DSP Block since the DSP block registers only possess synchronous reset capability.  It is suggested to recode or change these registers to remove the reset or use a synchronous reset to get the best optimization for performance, power and area.
Related violations: <none>

DPIR-1#44 Warning
Asynchronous driver check  
DSP design_1_i/polymul_axi_top_0/inst/u_core/u_dbu/u_bu_odd/u_mul/product input pin design_1_i/polymul_axi_top_0/inst/u_core/u_dbu/u_bu_odd/u_mul/product/A[9] is connected to registers with an asynchronous reset. This is preventing the possibility of merging these registers in to the DSP Block since the DSP block registers only possess synchronous reset capability.  It is suggested to recode or change these registers to remove the reset or use a synchronous reset to get the best optimization for performance, power and area.
Related violations: <none>

DPIR-1#45 Warning
Asynchronous driver check  
DSP design_1_i/polymul_axi_top_0/inst/u_core/u_dbu/u_bu_odd/u_mul/product input pin design_1_i/polymul_axi_top_0/inst/u_core/u_dbu/u_bu_odd/u_mul/product/B[0] is connected to registers with an asynchronous reset. This is preventing the possibility of merging these registers in to the DSP Block since the DSP block registers only possess synchronous reset capability.  It is suggested to recode or change these registers to remove the reset or use a synchronous reset to get the best optimization for performance, power and area.
Related violations: <none>

DPIR-1#46 Warning
Asynchronous driver check  
DSP design_1_i/polymul_axi_top_0/inst/u_core/u_dbu/u_bu_odd/u_mul/product input pin design_1_i/polymul_axi_top_0/inst/u_core/u_dbu/u_bu_odd/u_mul/product/B[10] is connected to registers with an asynchronous reset. This is preventing the possibility of merging these registers in to the DSP Block since the DSP block registers only possess synchronous reset capability.  It is suggested to recode or change these registers to remove the reset or use a synchronous reset to get the best optimization for performance, power and area.
Related violations: <none>

DPIR-1#47 Warning
Asynchronous driver check  
DSP design_1_i/polymul_axi_top_0/inst/u_core/u_dbu/u_bu_odd/u_mul/product input pin design_1_i/polymul_axi_top_0/inst/u_core/u_dbu/u_bu_odd/u_mul/product/B[11] is connected to registers with an asynchronous reset. This is preventing the possibility of merging these registers in to the DSP Block since the DSP block registers only possess synchronous reset capability.  It is suggested to recode or change these registers to remove the reset or use a synchronous reset to get the best optimization for performance, power and area.
Related violations: <none>

DPIR-1#48 Warning
Asynchronous driver check  
DSP design_1_i/polymul_axi_top_0/inst/u_core/u_dbu/u_bu_odd/u_mul/product input pin design_1_i/polymul_axi_top_0/inst/u_core/u_dbu/u_bu_odd/u_mul/product/B[1] is connected to registers with an asynchronous reset. This is preventing the possibility of merging these registers in to the DSP Block since the DSP block registers only possess synchronous reset capability.  It is suggested to recode or change these registers to remove the reset or use a synchronous reset to get the best optimization for performance, power and area.
Related violations: <none>

DPIR-1#49 Warning
Asynchronous driver check  
DSP design_1_i/polymul_axi_top_0/inst/u_core/u_dbu/u_bu_odd/u_mul/product input pin design_1_i/polymul_axi_top_0/inst/u_core/u_dbu/u_bu_odd/u_mul/product/B[2] is connected to registers with an asynchronous reset. This is preventing the possibility of merging these registers in to the DSP Block since the DSP block registers only possess synchronous reset capability.  It is suggested to recode or change these registers to remove the reset or use a synchronous reset to get the best optimization for performance, power and area.
Related violations: <none>

DPIR-1#50 Warning
Asynchronous driver check  
DSP design_1_i/polymul_axi_top_0/inst/u_core/u_dbu/u_bu_odd/u_mul/product input pin design_1_i/polymul_axi_top_0/inst/u_core/u_dbu/u_bu_odd/u_mul/product/B[3] is connected to registers with an asynchronous reset. This is preventing the possibility of merging these registers in to the DSP Block since the DSP block registers only possess synchronous reset capability.  It is suggested to recode or change these registers to remove the reset or use a synchronous reset to get the best optimization for performance, power and area.
Related violations: <none>

DPIR-1#51 Warning
Asynchronous driver check  
DSP design_1_i/polymul_axi_top_0/inst/u_core/u_dbu/u_bu_odd/u_mul/product input pin design_1_i/polymul_axi_top_0/inst/u_core/u_dbu/u_bu_odd/u_mul/product/B[4] is connected to registers with an asynchronous reset. This is preventing the possibility of merging these registers in to the DSP Block since the DSP block registers only possess synchronous reset capability.  It is suggested to recode or change these registers to remove the reset or use a synchronous reset to get the best optimization for performance, power and area.
Related violations: <none>

DPIR-1#52 Warning
Asynchronous driver check  
DSP design_1_i/polymul_axi_top_0/inst/u_core/u_dbu/u_bu_odd/u_mul/product input pin design_1_i/polymul_axi_top_0/inst/u_core/u_dbu/u_bu_odd/u_mul/product/B[5] is connected to registers with an asynchronous reset. This is preventing the possibility of merging these registers in to the DSP Block since the DSP block registers only possess synchronous reset capability.  It is suggested to recode or change these registers to remove the reset or use a synchronous reset to get the best optimization for performance, power and area.
Related violations: <none>

DPIR-1#53 Warning
Asynchronous driver check  
DSP design_1_i/polymul_axi_top_0/inst/u_core/u_dbu/u_bu_odd/u_mul/product input pin design_1_i/polymul_axi_top_0/inst/u_core/u_dbu/u_bu_odd/u_mul/product/B[6] is connected to registers with an asynchronous reset. This is preventing the possibility of merging these registers in to the DSP Block since the DSP block registers only possess synchronous reset capability.  It is suggested to recode or change these registers to remove the reset or use a synchronous reset to get the best optimization for performance, power and area.
Related violations: <none>

DPIR-1#54 Warning
Asynchronous driver check  
DSP design_1_i/polymul_axi_top_0/inst/u_core/u_dbu/u_bu_odd/u_mul/product input pin design_1_i/polymul_axi_top_0/inst/u_core/u_dbu/u_bu_odd/u_mul/product/B[7] is connected to registers with an asynchronous reset. This is preventing the possibility of merging these registers in to the DSP Block since the DSP block registers only possess synchronous reset capability.  It is suggested to recode or change these registers to remove the reset or use a synchronous reset to get the best optimization for performance, power and area.
Related violations: <none>

DPIR-1#55 Warning
Asynchronous driver check  
DSP design_1_i/polymul_axi_top_0/inst/u_core/u_dbu/u_bu_odd/u_mul/product input pin design_1_i/polymul_axi_top_0/inst/u_core/u_dbu/u_bu_odd/u_mul/product/B[8] is connected to registers with an asynchronous reset. This is preventing the possibility of merging these registers in to the DSP Block since the DSP block registers only possess synchronous reset capability.  It is suggested to recode or change these registers to remove the reset or use a synchronous reset to get the best optimization for performance, power and area.
Related violations: <none>

DPIR-1#56 Warning
Asynchronous driver check  
DSP design_1_i/polymul_axi_top_0/inst/u_core/u_dbu/u_bu_odd/u_mul/product input pin design_1_i/polymul_axi_top_0/inst/u_core/u_dbu/u_bu_odd/u_mul/product/B[9] is connected to registers with an asynchronous reset. This is preventing the possibility of merging these registers in to the DSP Block since the DSP block registers only possess synchronous reset capability.  It is suggested to recode or change these registers to remove the reset or use a synchronous reset to get the best optimization for performance, power and area.
Related violations: <none>

DPIR-1#57 Warning
Asynchronous driver check  
DSP design_1_i/polymul_axi_top_0/inst/u_core/u_pwm/u_mul_0/product input pin design_1_i/polymul_axi_top_0/inst/u_core/u_pwm/u_mul_0/product/A[0] is connected to registers with an asynchronous reset. This is preventing the possibility of merging these registers in to the DSP Block since the DSP block registers only possess synchronous reset capability.  It is suggested to recode or change these registers to remove the reset or use a synchronous reset to get the best optimization for performance, power and area.
Related violations: <none>

DPIR-1#58 Warning
Asynchronous driver check  
DSP design_1_i/polymul_axi_top_0/inst/u_core/u_pwm/u_mul_0/product input pin design_1_i/polymul_axi_top_0/inst/u_core/u_pwm/u_mul_0/product/A[10] is connected to registers with an asynchronous reset. This is preventing the possibility of merging these registers in to the DSP Block since the DSP block registers only possess synchronous reset capability.  It is suggested to recode or change these registers to remove the reset or use a synchronous reset to get the best optimization for performance, power and area.
Related violations: <none>

DPIR-1#59 Warning
Asynchronous driver check  
DSP design_1_i/polymul_axi_top_0/inst/u_core/u_pwm/u_mul_0/product input pin design_1_i/polymul_axi_top_0/inst/u_core/u_pwm/u_mul_0/product/A[11] is connected to registers with an asynchronous reset. This is preventing the possibility of merging these registers in to the DSP Block since the DSP block registers only possess synchronous reset capability.  It is suggested to recode or change these registers to remove the reset or use a synchronous reset to get the best optimization for performance, power and area.
Related violations: <none>

DPIR-1#60 Warning
Asynchronous driver check  
DSP design_1_i/polymul_axi_top_0/inst/u_core/u_pwm/u_mul_0/product input pin design_1_i/polymul_axi_top_0/inst/u_core/u_pwm/u_mul_0/product/A[1] is connected to registers with an asynchronous reset. This is preventing the possibility of merging these registers in to the DSP Block since the DSP block registers only possess synchronous reset capability.  It is suggested to recode or change these registers to remove the reset or use a synchronous reset to get the best optimization for performance, power and area.
Related violations: <none>

DPIR-1#61 Warning
Asynchronous driver check  
DSP design_1_i/polymul_axi_top_0/inst/u_core/u_pwm/u_mul_0/product input pin design_1_i/polymul_axi_top_0/inst/u_core/u_pwm/u_mul_0/product/A[2] is connected to registers with an asynchronous reset. This is preventing the possibility of merging these registers in to the DSP Block since the DSP block registers only possess synchronous reset capability.  It is suggested to recode or change these registers to remove the reset or use a synchronous reset to get the best optimization for performance, power and area.
Related violations: <none>

DPIR-1#62 Warning
Asynchronous driver check  
DSP design_1_i/polymul_axi_top_0/inst/u_core/u_pwm/u_mul_0/product input pin design_1_i/polymul_axi_top_0/inst/u_core/u_pwm/u_mul_0/product/A[3] is connected to registers with an asynchronous reset. This is preventing the possibility of merging these registers in to the DSP Block since the DSP block registers only possess synchronous reset capability.  It is suggested to recode or change these registers to remove the reset or use a synchronous reset to get the best optimization for performance, power and area.
Related violations: <none>

DPIR-1#63 Warning
Asynchronous driver check  
DSP design_1_i/polymul_axi_top_0/inst/u_core/u_pwm/u_mul_0/product input pin design_1_i/polymul_axi_top_0/inst/u_core/u_pwm/u_mul_0/product/A[4] is connected to registers with an asynchronous reset. This is preventing the possibility of merging these registers in to the DSP Block since the DSP block registers only possess synchronous reset capability.  It is suggested to recode or change these registers to remove the reset or use a synchronous reset to get the best optimization for performance, power and area.
Related violations: <none>

DPIR-1#64 Warning
Asynchronous driver check  
DSP design_1_i/polymul_axi_top_0/inst/u_core/u_pwm/u_mul_0/product input pin design_1_i/polymul_axi_top_0/inst/u_core/u_pwm/u_mul_0/product/A[5] is connected to registers with an asynchronous reset. This is preventing the possibility of merging these registers in to the DSP Block since the DSP block registers only possess synchronous reset capability.  It is suggested to recode or change these registers to remove the reset or use a synchronous reset to get the best optimization for performance, power and area.
Related violations: <none>

DPIR-1#65 Warning
Asynchronous driver check  
DSP design_1_i/polymul_axi_top_0/inst/u_core/u_pwm/u_mul_0/product input pin design_1_i/polymul_axi_top_0/inst/u_core/u_pwm/u_mul_0/product/A[6] is connected to registers with an asynchronous reset. This is preventing the possibility of merging these registers in to the DSP Block since the DSP block registers only possess synchronous reset capability.  It is suggested to recode or change these registers to remove the reset or use a synchronous reset to get the best optimization for performance, power and area.
Related violations: <none>

DPIR-1#66 Warning
Asynchronous driver check  
DSP design_1_i/polymul_axi_top_0/inst/u_core/u_pwm/u_mul_0/product input pin design_1_i/polymul_axi_top_0/inst/u_core/u_pwm/u_mul_0/product/A[7] is connected to registers with an asynchronous reset. This is preventing the possibility of merging these registers in to the DSP Block since the DSP block registers only possess synchronous reset capability.  It is suggested to recode or change these registers to remove the reset or use a synchronous reset to get the best optimization for performance, power and area.
Related violations: <none>

DPIR-1#67 Warning
Asynchronous driver check  
DSP design_1_i/polymul_axi_top_0/inst/u_core/u_pwm/u_mul_0/product input pin design_1_i/polymul_axi_top_0/inst/u_core/u_pwm/u_mul_0/product/A[8] is connected to registers with an asynchronous reset. This is preventing the possibility of merging these registers in to the DSP Block since the DSP block registers only possess synchronous reset capability.  It is suggested to recode or change these registers to remove the reset or use a synchronous reset to get the best optimization for performance, power and area.
Related violations: <none>

DPIR-1#68 Warning
Asynchronous driver check  
DSP design_1_i/polymul_axi_top_0/inst/u_core/u_pwm/u_mul_0/product input pin design_1_i/polymul_axi_top_0/inst/u_core/u_pwm/u_mul_0/product/A[9] is connected to registers with an asynchronous reset. This is preventing the possibility of merging these registers in to the DSP Block since the DSP block registers only possess synchronous reset capability.  It is suggested to recode or change these registers to remove the reset or use a synchronous reset to get the best optimization for performance, power and area.
Related violations: <none>

DPIR-1#69 Warning
Asynchronous driver check  
DSP design_1_i/polymul_axi_top_0/inst/u_core/u_pwm/u_mul_0/product input pin design_1_i/polymul_axi_top_0/inst/u_core/u_pwm/u_mul_0/product/B[0] is connected to registers with an asynchronous reset. This is preventing the possibility of merging these registers in to the DSP Block since the DSP block registers only possess synchronous reset capability.  It is suggested to recode or change these registers to remove the reset or use a synchronous reset to get the best optimization for performance, power and area.
Related violations: <none>

DPIR-1#70 Warning
Asynchronous driver check  
DSP design_1_i/polymul_axi_top_0/inst/u_core/u_pwm/u_mul_0/product input pin design_1_i/polymul_axi_top_0/inst/u_core/u_pwm/u_mul_0/product/B[10] is connected to registers with an asynchronous reset. This is preventing the possibility of merging these registers in to the DSP Block since the DSP block registers only possess synchronous reset capability.  It is suggested to recode or change these registers to remove the reset or use a synchronous reset to get the best optimization for performance, power and area.
Related violations: <none>

DPIR-1#71 Warning
Asynchronous driver check  
DSP design_1_i/polymul_axi_top_0/inst/u_core/u_pwm/u_mul_0/product input pin design_1_i/polymul_axi_top_0/inst/u_core/u_pwm/u_mul_0/product/B[11] is connected to registers with an asynchronous reset. This is preventing the possibility of merging these registers in to the DSP Block since the DSP block registers only possess synchronous reset capability.  It is suggested to recode or change these registers to remove the reset or use a synchronous reset to get the best optimization for performance, power and area.
Related violations: <none>

DPIR-1#72 Warning
Asynchronous driver check  
DSP design_1_i/polymul_axi_top_0/inst/u_core/u_pwm/u_mul_0/product input pin design_1_i/polymul_axi_top_0/inst/u_core/u_pwm/u_mul_0/product/B[1] is connected to registers with an asynchronous reset. This is preventing the possibility of merging these registers in to the DSP Block since the DSP block registers only possess synchronous reset capability.  It is suggested to recode or change these registers to remove the reset or use a synchronous reset to get the best optimization for performance, power and area.
Related violations: <none>

DPIR-1#73 Warning
Asynchronous driver check  
DSP design_1_i/polymul_axi_top_0/inst/u_core/u_pwm/u_mul_0/product input pin design_1_i/polymul_axi_top_0/inst/u_core/u_pwm/u_mul_0/product/B[2] is connected to registers with an asynchronous reset. This is preventing the possibility of merging these registers in to the DSP Block since the DSP block registers only possess synchronous reset capability.  It is suggested to recode or change these registers to remove the reset or use a synchronous reset to get the best optimization for performance, power and area.
Related violations: <none>

DPIR-1#74 Warning
Asynchronous driver check  
DSP design_1_i/polymul_axi_top_0/inst/u_core/u_pwm/u_mul_0/product input pin design_1_i/polymul_axi_top_0/inst/u_core/u_pwm/u_mul_0/product/B[3] is connected to registers with an asynchronous reset. This is preventing the possibility of merging these registers in to the DSP Block since the DSP block registers only possess synchronous reset capability.  It is suggested to recode or change these registers to remove the reset or use a synchronous reset to get the best optimization for performance, power and area.
Related violations: <none>

DPIR-1#75 Warning
Asynchronous driver check  
DSP design_1_i/polymul_axi_top_0/inst/u_core/u_pwm/u_mul_0/product input pin design_1_i/polymul_axi_top_0/inst/u_core/u_pwm/u_mul_0/product/B[4] is connected to registers with an asynchronous reset. This is preventing the possibility of merging these registers in to the DSP Block since the DSP block registers only possess synchronous reset capability.  It is suggested to recode or change these registers to remove the reset or use a synchronous reset to get the best optimization for performance, power and area.
Related violations: <none>

DPIR-1#76 Warning
Asynchronous driver check  
DSP design_1_i/polymul_axi_top_0/inst/u_core/u_pwm/u_mul_0/product input pin design_1_i/polymul_axi_top_0/inst/u_core/u_pwm/u_mul_0/product/B[5] is connected to registers with an asynchronous reset. This is preventing the possibility of merging these registers in to the DSP Block since the DSP block registers only possess synchronous reset capability.  It is suggested to recode or change these registers to remove the reset or use a synchronous reset to get the best optimization for performance, power and area.
Related violations: <none>

DPIR-1#77 Warning
Asynchronous driver check  
DSP design_1_i/polymul_axi_top_0/inst/u_core/u_pwm/u_mul_0/product input pin design_1_i/polymul_axi_top_0/inst/u_core/u_pwm/u_mul_0/product/B[6] is connected to registers with an asynchronous reset. This is preventing the possibility of merging these registers in to the DSP Block since the DSP block registers only possess synchronous reset capability.  It is suggested to recode or change these registers to remove the reset or use a synchronous reset to get the best optimization for performance, power and area.
Related violations: <none>

DPIR-1#78 Warning
Asynchronous driver check  
DSP design_1_i/polymul_axi_top_0/inst/u_core/u_pwm/u_mul_0/product input pin design_1_i/polymul_axi_top_0/inst/u_core/u_pwm/u_mul_0/product/B[7] is connected to registers with an asynchronous reset. This is preventing the possibility of merging these registers in to the DSP Block since the DSP block registers only possess synchronous reset capability.  It is suggested to recode or change these registers to remove the reset or use a synchronous reset to get the best optimization for performance, power and area.
Related violations: <none>

DPIR-1#79 Warning
Asynchronous driver check  
DSP design_1_i/polymul_axi_top_0/inst/u_core/u_pwm/u_mul_0/product input pin design_1_i/polymul_axi_top_0/inst/u_core/u_pwm/u_mul_0/product/B[8] is connected to registers with an asynchronous reset. This is preventing the possibility of merging these registers in to the DSP Block since the DSP block registers only possess synchronous reset capability.  It is suggested to recode or change these registers to remove the reset or use a synchronous reset to get the best optimization for performance, power and area.
Related violations: <none>

DPIR-1#80 Warning
Asynchronous driver check  
DSP design_1_i/polymul_axi_top_0/inst/u_core/u_pwm/u_mul_0/product input pin design_1_i/polymul_axi_top_0/inst/u_core/u_pwm/u_mul_0/product/B[9] is connected to registers with an asynchronous reset. This is preventing the possibility of merging these registers in to the DSP Block since the DSP block registers only possess synchronous reset capability.  It is suggested to recode or change these registers to remove the reset or use a synchronous reset to get the best optimization for performance, power and area.
Related violations: <none>

DPIR-1#81 Warning
Asynchronous driver check  
DSP design_1_i/polymul_axi_top_0/inst/u_core/u_pwm/u_mul_1/product input pin design_1_i/polymul_axi_top_0/inst/u_core/u_pwm/u_mul_1/product/A[0] is connected to registers with an asynchronous reset. This is preventing the possibility of merging these registers in to the DSP Block since the DSP block registers only possess synchronous reset capability.  It is suggested to recode or change these registers to remove the reset or use a synchronous reset to get the best optimization for performance, power and area.
Related violations: <none>

DPIR-1#82 Warning
Asynchronous driver check  
DSP design_1_i/polymul_axi_top_0/inst/u_core/u_pwm/u_mul_1/product input pin design_1_i/polymul_axi_top_0/inst/u_core/u_pwm/u_mul_1/product/A[10] is connected to registers with an asynchronous reset. This is preventing the possibility of merging these registers in to the DSP Block since the DSP block registers only possess synchronous reset capability.  It is suggested to recode or change these registers to remove the reset or use a synchronous reset to get the best optimization for performance, power and area.
Related violations: <none>

DPIR-1#83 Warning
Asynchronous driver check  
DSP design_1_i/polymul_axi_top_0/inst/u_core/u_pwm/u_mul_1/product input pin design_1_i/polymul_axi_top_0/inst/u_core/u_pwm/u_mul_1/product/A[11] is connected to registers with an asynchronous reset. This is preventing the possibility of merging these registers in to the DSP Block since the DSP block registers only possess synchronous reset capability.  It is suggested to recode or change these registers to remove the reset or use a synchronous reset to get the best optimization for performance, power and area.
Related violations: <none>

DPIR-1#84 Warning
Asynchronous driver check  
DSP design_1_i/polymul_axi_top_0/inst/u_core/u_pwm/u_mul_1/product input pin design_1_i/polymul_axi_top_0/inst/u_core/u_pwm/u_mul_1/product/A[1] is connected to registers with an asynchronous reset. This is preventing the possibility of merging these registers in to the DSP Block since the DSP block registers only possess synchronous reset capability.  It is suggested to recode or change these registers to remove the reset or use a synchronous reset to get the best optimization for performance, power and area.
Related violations: <none>

DPIR-1#85 Warning
Asynchronous driver check  
DSP design_1_i/polymul_axi_top_0/inst/u_core/u_pwm/u_mul_1/product input pin design_1_i/polymul_axi_top_0/inst/u_core/u_pwm/u_mul_1/product/A[2] is connected to registers with an asynchronous reset. This is preventing the possibility of merging these registers in to the DSP Block since the DSP block registers only possess synchronous reset capability.  It is suggested to recode or change these registers to remove the reset or use a synchronous reset to get the best optimization for performance, power and area.
Related violations: <none>

DPIR-1#86 Warning
Asynchronous driver check  
DSP design_1_i/polymul_axi_top_0/inst/u_core/u_pwm/u_mul_1/product input pin design_1_i/polymul_axi_top_0/inst/u_core/u_pwm/u_mul_1/product/A[3] is connected to registers with an asynchronous reset. This is preventing the possibility of merging these registers in to the DSP Block since the DSP block registers only possess synchronous reset capability.  It is suggested to recode or change these registers to remove the reset or use a synchronous reset to get the best optimization for performance, power and area.
Related violations: <none>

DPIR-1#87 Warning
Asynchronous driver check  
DSP design_1_i/polymul_axi_top_0/inst/u_core/u_pwm/u_mul_1/product input pin design_1_i/polymul_axi_top_0/inst/u_core/u_pwm/u_mul_1/product/A[4] is connected to registers with an asynchronous reset. This is preventing the possibility of merging these registers in to the DSP Block since the DSP block registers only possess synchronous reset capability.  It is suggested to recode or change these registers to remove the reset or use a synchronous reset to get the best optimization for performance, power and area.
Related violations: <none>

DPIR-1#88 Warning
Asynchronous driver check  
DSP design_1_i/polymul_axi_top_0/inst/u_core/u_pwm/u_mul_1/product input pin design_1_i/polymul_axi_top_0/inst/u_core/u_pwm/u_mul_1/product/A[5] is connected to registers with an asynchronous reset. This is preventing the possibility of merging these registers in to the DSP Block since the DSP block registers only possess synchronous reset capability.  It is suggested to recode or change these registers to remove the reset or use a synchronous reset to get the best optimization for performance, power and area.
Related violations: <none>

DPIR-1#89 Warning
Asynchronous driver check  
DSP design_1_i/polymul_axi_top_0/inst/u_core/u_pwm/u_mul_1/product input pin design_1_i/polymul_axi_top_0/inst/u_core/u_pwm/u_mul_1/product/A[6] is connected to registers with an asynchronous reset. This is preventing the possibility of merging these registers in to the DSP Block since the DSP block registers only possess synchronous reset capability.  It is suggested to recode or change these registers to remove the reset or use a synchronous reset to get the best optimization for performance, power and area.
Related violations: <none>

DPIR-1#90 Warning
Asynchronous driver check  
DSP design_1_i/polymul_axi_top_0/inst/u_core/u_pwm/u_mul_1/product input pin design_1_i/polymul_axi_top_0/inst/u_core/u_pwm/u_mul_1/product/A[7] is connected to registers with an asynchronous reset. This is preventing the possibility of merging these registers in to the DSP Block since the DSP block registers only possess synchronous reset capability.  It is suggested to recode or change these registers to remove the reset or use a synchronous reset to get the best optimization for performance, power and area.
Related violations: <none>

DPIR-1#91 Warning
Asynchronous driver check  
DSP design_1_i/polymul_axi_top_0/inst/u_core/u_pwm/u_mul_1/product input pin design_1_i/polymul_axi_top_0/inst/u_core/u_pwm/u_mul_1/product/A[8] is connected to registers with an asynchronous reset. This is preventing the possibility of merging these registers in to the DSP Block since the DSP block registers only possess synchronous reset capability.  It is suggested to recode or change these registers to remove the reset or use a synchronous reset to get the best optimization for performance, power and area.
Related violations: <none>

DPIR-1#92 Warning
Asynchronous driver check  
DSP design_1_i/polymul_axi_top_0/inst/u_core/u_pwm/u_mul_1/product input pin design_1_i/polymul_axi_top_0/inst/u_core/u_pwm/u_mul_1/product/A[9] is connected to registers with an asynchronous reset. This is preventing the possibility of merging these registers in to the DSP Block since the DSP block registers only possess synchronous reset capability.  It is suggested to recode or change these registers to remove the reset or use a synchronous reset to get the best optimization for performance, power and area.
Related violations: <none>

DPIR-1#93 Warning
Asynchronous driver check  
DSP design_1_i/polymul_axi_top_0/inst/u_core/u_pwm/u_mul_1/product input pin design_1_i/polymul_axi_top_0/inst/u_core/u_pwm/u_mul_1/product/B[0] is connected to registers with an asynchronous reset. This is preventing the possibility of merging these registers in to the DSP Block since the DSP block registers only possess synchronous reset capability.  It is suggested to recode or change these registers to remove the reset or use a synchronous reset to get the best optimization for performance, power and area.
Related violations: <none>

DPIR-1#94 Warning
Asynchronous driver check  
DSP design_1_i/polymul_axi_top_0/inst/u_core/u_pwm/u_mul_1/product input pin design_1_i/polymul_axi_top_0/inst/u_core/u_pwm/u_mul_1/product/B[10] is connected to registers with an asynchronous reset. This is preventing the possibility of merging these registers in to the DSP Block since the DSP block registers only possess synchronous reset capability.  It is suggested to recode or change these registers to remove the reset or use a synchronous reset to get the best optimization for performance, power and area.
Related violations: <none>

DPIR-1#95 Warning
Asynchronous driver check  
DSP design_1_i/polymul_axi_top_0/inst/u_core/u_pwm/u_mul_1/product input pin design_1_i/polymul_axi_top_0/inst/u_core/u_pwm/u_mul_1/product/B[11] is connected to registers with an asynchronous reset. This is preventing the possibility of merging these registers in to the DSP Block since the DSP block registers only possess synchronous reset capability.  It is suggested to recode or change these registers to remove the reset or use a synchronous reset to get the best optimization for performance, power and area.
Related violations: <none>

DPIR-1#96 Warning
Asynchronous driver check  
DSP design_1_i/polymul_axi_top_0/inst/u_core/u_pwm/u_mul_1/product input pin design_1_i/polymul_axi_top_0/inst/u_core/u_pwm/u_mul_1/product/B[1] is connected to registers with an asynchronous reset. This is preventing the possibility of merging these registers in to the DSP Block since the DSP block registers only possess synchronous reset capability.  It is suggested to recode or change these registers to remove the reset or use a synchronous reset to get the best optimization for performance, power and area.
Related violations: <none>

DPIR-1#97 Warning
Asynchronous driver check  
DSP design_1_i/polymul_axi_top_0/inst/u_core/u_pwm/u_mul_1/product input pin design_1_i/polymul_axi_top_0/inst/u_core/u_pwm/u_mul_1/product/B[2] is connected to registers with an asynchronous reset. This is preventing the possibility of merging these registers in to the DSP Block since the DSP block registers only possess synchronous reset capability.  It is suggested to recode or change these registers to remove the reset or use a synchronous reset to get the best optimization for performance, power and area.
Related violations: <none>

DPIR-1#98 Warning
Asynchronous driver check  
DSP design_1_i/polymul_axi_top_0/inst/u_core/u_pwm/u_mul_1/product input pin design_1_i/polymul_axi_top_0/inst/u_core/u_pwm/u_mul_1/product/B[3] is connected to registers with an asynchronous reset. This is preventing the possibility of merging these registers in to the DSP Block since the DSP block registers only possess synchronous reset capability.  It is suggested to recode or change these registers to remove the reset or use a synchronous reset to get the best optimization for performance, power and area.
Related violations: <none>

DPIR-1#99 Warning
Asynchronous driver check  
DSP design_1_i/polymul_axi_top_0/inst/u_core/u_pwm/u_mul_1/product input pin design_1_i/polymul_axi_top_0/inst/u_core/u_pwm/u_mul_1/product/B[4] is connected to registers with an asynchronous reset. This is preventing the possibility of merging these registers in to the DSP Block since the DSP block registers only possess synchronous reset capability.  It is suggested to recode or change these registers to remove the reset or use a synchronous reset to get the best optimization for performance, power and area.
Related violations: <none>

DPIR-1#100 Warning
Asynchronous driver check  
DSP design_1_i/polymul_axi_top_0/inst/u_core/u_pwm/u_mul_1/product input pin design_1_i/polymul_axi_top_0/inst/u_core/u_pwm/u_mul_1/product/B[5] is connected to registers with an asynchronous reset. This is preventing the possibility of merging these registers in to the DSP Block since the DSP block registers only possess synchronous reset capability.  It is suggested to recode or change these registers to remove the reset or use a synchronous reset to get the best optimization for performance, power and area.
Related violations: <none>

DPIR-1#101 Warning
Asynchronous driver check  
DSP design_1_i/polymul_axi_top_0/inst/u_core/u_pwm/u_mul_1/product input pin design_1_i/polymul_axi_top_0/inst/u_core/u_pwm/u_mul_1/product/B[6] is connected to registers with an asynchronous reset. This is preventing the possibility of merging these registers in to the DSP Block since the DSP block registers only possess synchronous reset capability.  It is suggested to recode or change these registers to remove the reset or use a synchronous reset to get the best optimization for performance, power and area.
Related violations: <none>

DPIR-1#102 Warning
Asynchronous driver check  
DSP design_1_i/polymul_axi_top_0/inst/u_core/u_pwm/u_mul_1/product input pin design_1_i/polymul_axi_top_0/inst/u_core/u_pwm/u_mul_1/product/B[7] is connected to registers with an asynchronous reset. This is preventing the possibility of merging these registers in to the DSP Block since the DSP block registers only possess synchronous reset capability.  It is suggested to recode or change these registers to remove the reset or use a synchronous reset to get the best optimization for performance, power and area.
Related violations: <none>

DPIR-1#103 Warning
Asynchronous driver check  
DSP design_1_i/polymul_axi_top_0/inst/u_core/u_pwm/u_mul_1/product input pin design_1_i/polymul_axi_top_0/inst/u_core/u_pwm/u_mul_1/product/B[8] is connected to registers with an asynchronous reset. This is preventing the possibility of merging these registers in to the DSP Block since the DSP block registers only possess synchronous reset capability.  It is suggested to recode or change these registers to remove the reset or use a synchronous reset to get the best optimization for performance, power and area.
Related violations: <none>

DPIR-1#104 Warning
Asynchronous driver check  
DSP design_1_i/polymul_axi_top_0/inst/u_core/u_pwm/u_mul_1/product input pin design_1_i/polymul_axi_top_0/inst/u_core/u_pwm/u_mul_1/product/B[9] is connected to registers with an asynchronous reset. This is preventing the possibility of merging these registers in to the DSP Block since the DSP block registers only possess synchronous reset capability.  It is suggested to recode or change these registers to remove the reset or use a synchronous reset to get the best optimization for performance, power and area.
Related violations: <none>

DPIR-1#105 Warning
Asynchronous driver check  
DSP design_1_i/polymul_axi_top_0/inst/u_core/u_pwm/u_mul_2/product input pin design_1_i/polymul_axi_top_0/inst/u_core/u_pwm/u_mul_2/product/A[0] is connected to registers with an asynchronous reset. This is preventing the possibility of merging these registers in to the DSP Block since the DSP block registers only possess synchronous reset capability.  It is suggested to recode or change these registers to remove the reset or use a synchronous reset to get the best optimization for performance, power and area.
Related violations: <none>

DPIR-1#106 Warning
Asynchronous driver check  
DSP design_1_i/polymul_axi_top_0/inst/u_core/u_pwm/u_mul_2/product input pin design_1_i/polymul_axi_top_0/inst/u_core/u_pwm/u_mul_2/product/A[10] is connected to registers with an asynchronous reset. This is preventing the possibility of merging these registers in to the DSP Block since the DSP block registers only possess synchronous reset capability.  It is suggested to recode or change these registers to remove the reset or use a synchronous reset to get the best optimization for performance, power and area.
Related violations: <none>

DPIR-1#107 Warning
Asynchronous driver check  
DSP design_1_i/polymul_axi_top_0/inst/u_core/u_pwm/u_mul_2/product input pin design_1_i/polymul_axi_top_0/inst/u_core/u_pwm/u_mul_2/product/A[11] is connected to registers with an asynchronous reset. This is preventing the possibility of merging these registers in to the DSP Block since the DSP block registers only possess synchronous reset capability.  It is suggested to recode or change these registers to remove the reset or use a synchronous reset to get the best optimization for performance, power and area.
Related violations: <none>

DPIR-1#108 Warning
Asynchronous driver check  
DSP design_1_i/polymul_axi_top_0/inst/u_core/u_pwm/u_mul_2/product input pin design_1_i/polymul_axi_top_0/inst/u_core/u_pwm/u_mul_2/product/A[1] is connected to registers with an asynchronous reset. This is preventing the possibility of merging these registers in to the DSP Block since the DSP block registers only possess synchronous reset capability.  It is suggested to recode or change these registers to remove the reset or use a synchronous reset to get the best optimization for performance, power and area.
Related violations: <none>

DPIR-1#109 Warning
Asynchronous driver check  
DSP design_1_i/polymul_axi_top_0/inst/u_core/u_pwm/u_mul_2/product input pin design_1_i/polymul_axi_top_0/inst/u_core/u_pwm/u_mul_2/product/A[2] is connected to registers with an asynchronous reset. This is preventing the possibility of merging these registers in to the DSP Block since the DSP block registers only possess synchronous reset capability.  It is suggested to recode or change these registers to remove the reset or use a synchronous reset to get the best optimization for performance, power and area.
Related violations: <none>

DPIR-1#110 Warning
Asynchronous driver check  
DSP design_1_i/polymul_axi_top_0/inst/u_core/u_pwm/u_mul_2/product input pin design_1_i/polymul_axi_top_0/inst/u_core/u_pwm/u_mul_2/product/A[3] is connected to registers with an asynchronous reset. This is preventing the possibility of merging these registers in to the DSP Block since the DSP block registers only possess synchronous reset capability.  It is suggested to recode or change these registers to remove the reset or use a synchronous reset to get the best optimization for performance, power and area.
Related violations: <none>

DPIR-1#111 Warning
Asynchronous driver check  
DSP design_1_i/polymul_axi_top_0/inst/u_core/u_pwm/u_mul_2/product input pin design_1_i/polymul_axi_top_0/inst/u_core/u_pwm/u_mul_2/product/A[4] is connected to registers with an asynchronous reset. This is preventing the possibility of merging these registers in to the DSP Block since the DSP block registers only possess synchronous reset capability.  It is suggested to recode or change these registers to remove the reset or use a synchronous reset to get the best optimization for performance, power and area.
Related violations: <none>

DPIR-1#112 Warning
Asynchronous driver check  
DSP design_1_i/polymul_axi_top_0/inst/u_core/u_pwm/u_mul_2/product input pin design_1_i/polymul_axi_top_0/inst/u_core/u_pwm/u_mul_2/product/A[5] is connected to registers with an asynchronous reset. This is preventing the possibility of merging these registers in to the DSP Block since the DSP block registers only possess synchronous reset capability.  It is suggested to recode or change these registers to remove the reset or use a synchronous reset to get the best optimization for performance, power and area.
Related violations: <none>

DPIR-1#113 Warning
Asynchronous driver check  
DSP design_1_i/polymul_axi_top_0/inst/u_core/u_pwm/u_mul_2/product input pin design_1_i/polymul_axi_top_0/inst/u_core/u_pwm/u_mul_2/product/A[6] is connected to registers with an asynchronous reset. This is preventing the possibility of merging these registers in to the DSP Block since the DSP block registers only possess synchronous reset capability.  It is suggested to recode or change these registers to remove the reset or use a synchronous reset to get the best optimization for performance, power and area.
Related violations: <none>

DPIR-1#114 Warning
Asynchronous driver check  
DSP design_1_i/polymul_axi_top_0/inst/u_core/u_pwm/u_mul_2/product input pin design_1_i/polymul_axi_top_0/inst/u_core/u_pwm/u_mul_2/product/A[7] is connected to registers with an asynchronous reset. This is preventing the possibility of merging these registers in to the DSP Block since the DSP block registers only possess synchronous reset capability.  It is suggested to recode or change these registers to remove the reset or use a synchronous reset to get the best optimization for performance, power and area.
Related violations: <none>

DPIR-1#115 Warning
Asynchronous driver check  
DSP design_1_i/polymul_axi_top_0/inst/u_core/u_pwm/u_mul_2/product input pin design_1_i/polymul_axi_top_0/inst/u_core/u_pwm/u_mul_2/product/A[8] is connected to registers with an asynchronous reset. This is preventing the possibility of merging these registers in to the DSP Block since the DSP block registers only possess synchronous reset capability.  It is suggested to recode or change these registers to remove the reset or use a synchronous reset to get the best optimization for performance, power and area.
Related violations: <none>

DPIR-1#116 Warning
Asynchronous driver check  
DSP design_1_i/polymul_axi_top_0/inst/u_core/u_pwm/u_mul_2/product input pin design_1_i/polymul_axi_top_0/inst/u_core/u_pwm/u_mul_2/product/A[9] is connected to registers with an asynchronous reset. This is preventing the possibility of merging these registers in to the DSP Block since the DSP block registers only possess synchronous reset capability.  It is suggested to recode or change these registers to remove the reset or use a synchronous reset to get the best optimization for performance, power and area.
Related violations: <none>

DPIR-1#117 Warning
Asynchronous driver check  
DSP design_1_i/polymul_axi_top_0/inst/u_core/u_pwm/u_mul_2/product input pin design_1_i/polymul_axi_top_0/inst/u_core/u_pwm/u_mul_2/product/B[0] is connected to registers with an asynchronous reset. This is preventing the possibility of merging these registers in to the DSP Block since the DSP block registers only possess synchronous reset capability.  It is suggested to recode or change these registers to remove the reset or use a synchronous reset to get the best optimization for performance, power and area.
Related violations: <none>

DPIR-1#118 Warning
Asynchronous driver check  
DSP design_1_i/polymul_axi_top_0/inst/u_core/u_pwm/u_mul_2/product input pin design_1_i/polymul_axi_top_0/inst/u_core/u_pwm/u_mul_2/product/B[10] is connected to registers with an asynchronous reset. This is preventing the possibility of merging these registers in to the DSP Block since the DSP block registers only possess synchronous reset capability.  It is suggested to recode or change these registers to remove the reset or use a synchronous reset to get the best optimization for performance, power and area.
Related violations: <none>

DPIR-1#119 Warning
Asynchronous driver check  
DSP design_1_i/polymul_axi_top_0/inst/u_core/u_pwm/u_mul_2/product input pin design_1_i/polymul_axi_top_0/inst/u_core/u_pwm/u_mul_2/product/B[11] is connected to registers with an asynchronous reset. This is preventing the possibility of merging these registers in to the DSP Block since the DSP block registers only possess synchronous reset capability.  It is suggested to recode or change these registers to remove the reset or use a synchronous reset to get the best optimization for performance, power and area.
Related violations: <none>

DPIR-1#120 Warning
Asynchronous driver check  
DSP design_1_i/polymul_axi_top_0/inst/u_core/u_pwm/u_mul_2/product input pin design_1_i/polymul_axi_top_0/inst/u_core/u_pwm/u_mul_2/product/B[1] is connected to registers with an asynchronous reset. This is preventing the possibility of merging these registers in to the DSP Block since the DSP block registers only possess synchronous reset capability.  It is suggested to recode or change these registers to remove the reset or use a synchronous reset to get the best optimization for performance, power and area.
Related violations: <none>

DPIR-1#121 Warning
Asynchronous driver check  
DSP design_1_i/polymul_axi_top_0/inst/u_core/u_pwm/u_mul_2/product input pin design_1_i/polymul_axi_top_0/inst/u_core/u_pwm/u_mul_2/product/B[2] is connected to registers with an asynchronous reset. This is preventing the possibility of merging these registers in to the DSP Block since the DSP block registers only possess synchronous reset capability.  It is suggested to recode or change these registers to remove the reset or use a synchronous reset to get the best optimization for performance, power and area.
Related violations: <none>

DPIR-1#122 Warning
Asynchronous driver check  
DSP design_1_i/polymul_axi_top_0/inst/u_core/u_pwm/u_mul_2/product input pin design_1_i/polymul_axi_top_0/inst/u_core/u_pwm/u_mul_2/product/B[3] is connected to registers with an asynchronous reset. This is preventing the possibility of merging these registers in to the DSP Block since the DSP block registers only possess synchronous reset capability.  It is suggested to recode or change these registers to remove the reset or use a synchronous reset to get the best optimization for performance, power and area.
Related violations: <none>

DPIR-1#123 Warning
Asynchronous driver check  
DSP design_1_i/polymul_axi_top_0/inst/u_core/u_pwm/u_mul_2/product input pin design_1_i/polymul_axi_top_0/inst/u_core/u_pwm/u_mul_2/product/B[4] is connected to registers with an asynchronous reset. This is preventing the possibility of merging these registers in to the DSP Block since the DSP block registers only possess synchronous reset capability.  It is suggested to recode or change these registers to remove the reset or use a synchronous reset to get the best optimization for performance, power and area.
Related violations: <none>

DPIR-1#124 Warning
Asynchronous driver check  
DSP design_1_i/polymul_axi_top_0/inst/u_core/u_pwm/u_mul_2/product input pin design_1_i/polymul_axi_top_0/inst/u_core/u_pwm/u_mul_2/product/B[5] is connected to registers with an asynchronous reset. This is preventing the possibility of merging these registers in to the DSP Block since the DSP block registers only possess synchronous reset capability.  It is suggested to recode or change these registers to remove the reset or use a synchronous reset to get the best optimization for performance, power and area.
Related violations: <none>

DPIR-1#125 Warning
Asynchronous driver check  
DSP design_1_i/polymul_axi_top_0/inst/u_core/u_pwm/u_mul_2/product input pin design_1_i/polymul_axi_top_0/inst/u_core/u_pwm/u_mul_2/product/B[6] is connected to registers with an asynchronous reset. This is preventing the possibility of merging these registers in to the DSP Block since the DSP block registers only possess synchronous reset capability.  It is suggested to recode or change these registers to remove the reset or use a synchronous reset to get the best optimization for performance, power and area.
Related violations: <none>

DPIR-1#126 Warning
Asynchronous driver check  
DSP design_1_i/polymul_axi_top_0/inst/u_core/u_pwm/u_mul_2/product input pin design_1_i/polymul_axi_top_0/inst/u_core/u_pwm/u_mul_2/product/B[7] is connected to registers with an asynchronous reset. This is preventing the possibility of merging these registers in to the DSP Block since the DSP block registers only possess synchronous reset capability.  It is suggested to recode or change these registers to remove the reset or use a synchronous reset to get the best optimization for performance, power and area.
Related violations: <none>

DPIR-1#127 Warning
Asynchronous driver check  
DSP design_1_i/polymul_axi_top_0/inst/u_core/u_pwm/u_mul_2/product input pin design_1_i/polymul_axi_top_0/inst/u_core/u_pwm/u_mul_2/product/B[8] is connected to registers with an asynchronous reset. This is preventing the possibility of merging these registers in to the DSP Block since the DSP block registers only possess synchronous reset capability.  It is suggested to recode or change these registers to remove the reset or use a synchronous reset to get the best optimization for performance, power and area.
Related violations: <none>

DPIR-1#128 Warning
Asynchronous driver check  
DSP design_1_i/polymul_axi_top_0/inst/u_core/u_pwm/u_mul_2/product input pin design_1_i/polymul_axi_top_0/inst/u_core/u_pwm/u_mul_2/product/B[9] is connected to registers with an asynchronous reset. This is preventing the possibility of merging these registers in to the DSP Block since the DSP block registers only possess synchronous reset capability.  It is suggested to recode or change these registers to remove the reset or use a synchronous reset to get the best optimization for performance, power and area.
Related violations: <none>

DPIR-1#129 Warning
Asynchronous driver check  
DSP design_1_i/polymul_axi_top_0/inst/u_core/u_pwm/u_mul_3/product input pin design_1_i/polymul_axi_top_0/inst/u_core/u_pwm/u_mul_3/product/A[0] is connected to registers with an asynchronous reset. This is preventing the possibility of merging these registers in to the DSP Block since the DSP block registers only possess synchronous reset capability.  It is suggested to recode or change these registers to remove the reset or use a synchronous reset to get the best optimization for performance, power and area.
Related violations: <none>

DPIR-1#130 Warning
Asynchronous driver check  
DSP design_1_i/polymul_axi_top_0/inst/u_core/u_pwm/u_mul_3/product input pin design_1_i/polymul_axi_top_0/inst/u_core/u_pwm/u_mul_3/product/A[10] is connected to registers with an asynchronous reset. This is preventing the possibility of merging these registers in to the DSP Block since the DSP block registers only possess synchronous reset capability.  It is suggested to recode or change these registers to remove the reset or use a synchronous reset to get the best optimization for performance, power and area.
Related violations: <none>

DPIR-1#131 Warning
Asynchronous driver check  
DSP design_1_i/polymul_axi_top_0/inst/u_core/u_pwm/u_mul_3/product input pin design_1_i/polymul_axi_top_0/inst/u_core/u_pwm/u_mul_3/product/A[11] is connected to registers with an asynchronous reset. This is preventing the possibility of merging these registers in to the DSP Block since the DSP block registers only possess synchronous reset capability.  It is suggested to recode or change these registers to remove the reset or use a synchronous reset to get the best optimization for performance, power and area.
Related violations: <none>

DPIR-1#132 Warning
Asynchronous driver check  
DSP design_1_i/polymul_axi_top_0/inst/u_core/u_pwm/u_mul_3/product input pin design_1_i/polymul_axi_top_0/inst/u_core/u_pwm/u_mul_3/product/A[1] is connected to registers with an asynchronous reset. This is preventing the possibility of merging these registers in to the DSP Block since the DSP block registers only possess synchronous reset capability.  It is suggested to recode or change these registers to remove the reset or use a synchronous reset to get the best optimization for performance, power and area.
Related violations: <none>

DPIR-1#133 Warning
Asynchronous driver check  
DSP design_1_i/polymul_axi_top_0/inst/u_core/u_pwm/u_mul_3/product input pin design_1_i/polymul_axi_top_0/inst/u_core/u_pwm/u_mul_3/product/A[2] is connected to registers with an asynchronous reset. This is preventing the possibility of merging these registers in to the DSP Block since the DSP block registers only possess synchronous reset capability.  It is suggested to recode or change these registers to remove the reset or use a synchronous reset to get the best optimization for performance, power and area.
Related violations: <none>

DPIR-1#134 Warning
Asynchronous driver check  
DSP design_1_i/polymul_axi_top_0/inst/u_core/u_pwm/u_mul_3/product input pin design_1_i/polymul_axi_top_0/inst/u_core/u_pwm/u_mul_3/product/A[3] is connected to registers with an asynchronous reset. This is preventing the possibility of merging these registers in to the DSP Block since the DSP block registers only possess synchronous reset capability.  It is suggested to recode or change these registers to remove the reset or use a synchronous reset to get the best optimization for performance, power and area.
Related violations: <none>

DPIR-1#135 Warning
Asynchronous driver check  
DSP design_1_i/polymul_axi_top_0/inst/u_core/u_pwm/u_mul_3/product input pin design_1_i/polymul_axi_top_0/inst/u_core/u_pwm/u_mul_3/product/A[4] is connected to registers with an asynchronous reset. This is preventing the possibility of merging these registers in to the DSP Block since the DSP block registers only possess synchronous reset capability.  It is suggested to recode or change these registers to remove the reset or use a synchronous reset to get the best optimization for performance, power and area.
Related violations: <none>

DPIR-1#136 Warning
Asynchronous driver check  
DSP design_1_i/polymul_axi_top_0/inst/u_core/u_pwm/u_mul_3/product input pin design_1_i/polymul_axi_top_0/inst/u_core/u_pwm/u_mul_3/product/A[5] is connected to registers with an asynchronous reset. This is preventing the possibility of merging these registers in to the DSP Block since the DSP block registers only possess synchronous reset capability.  It is suggested to recode or change these registers to remove the reset or use a synchronous reset to get the best optimization for performance, power and area.
Related violations: <none>

DPIR-1#137 Warning
Asynchronous driver check  
DSP design_1_i/polymul_axi_top_0/inst/u_core/u_pwm/u_mul_3/product input pin design_1_i/polymul_axi_top_0/inst/u_core/u_pwm/u_mul_3/product/A[6] is connected to registers with an asynchronous reset. This is preventing the possibility of merging these registers in to the DSP Block since the DSP block registers only possess synchronous reset capability.  It is suggested to recode or change these registers to remove the reset or use a synchronous reset to get the best optimization for performance, power and area.
Related violations: <none>

DPIR-1#138 Warning
Asynchronous driver check  
DSP design_1_i/polymul_axi_top_0/inst/u_core/u_pwm/u_mul_3/product input pin design_1_i/polymul_axi_top_0/inst/u_core/u_pwm/u_mul_3/product/A[7] is connected to registers with an asynchronous reset. This is preventing the possibility of merging these registers in to the DSP Block since the DSP block registers only possess synchronous reset capability.  It is suggested to recode or change these registers to remove the reset or use a synchronous reset to get the best optimization for performance, power and area.
Related violations: <none>

DPIR-1#139 Warning
Asynchronous driver check  
DSP design_1_i/polymul_axi_top_0/inst/u_core/u_pwm/u_mul_3/product input pin design_1_i/polymul_axi_top_0/inst/u_core/u_pwm/u_mul_3/product/A[8] is connected to registers with an asynchronous reset. This is preventing the possibility of merging these registers in to the DSP Block since the DSP block registers only possess synchronous reset capability.  It is suggested to recode or change these registers to remove the reset or use a synchronous reset to get the best optimization for performance, power and area.
Related violations: <none>

DPIR-1#140 Warning
Asynchronous driver check  
DSP design_1_i/polymul_axi_top_0/inst/u_core/u_pwm/u_mul_3/product input pin design_1_i/polymul_axi_top_0/inst/u_core/u_pwm/u_mul_3/product/A[9] is connected to registers with an asynchronous reset. This is preventing the possibility of merging these registers in to the DSP Block since the DSP block registers only possess synchronous reset capability.  It is suggested to recode or change these registers to remove the reset or use a synchronous reset to get the best optimization for performance, power and area.
Related violations: <none>

DPIR-1#141 Warning
Asynchronous driver check  
DSP design_1_i/polymul_axi_top_0/inst/u_core/u_pwm/u_mul_3/product input pin design_1_i/polymul_axi_top_0/inst/u_core/u_pwm/u_mul_3/product/B[0] is connected to registers with an asynchronous reset. This is preventing the possibility of merging these registers in to the DSP Block since the DSP block registers only possess synchronous reset capability.  It is suggested to recode or change these registers to remove the reset or use a synchronous reset to get the best optimization for performance, power and area.
Related violations: <none>

DPIR-1#142 Warning
Asynchronous driver check  
DSP design_1_i/polymul_axi_top_0/inst/u_core/u_pwm/u_mul_3/product input pin design_1_i/polymul_axi_top_0/inst/u_core/u_pwm/u_mul_3/product/B[10] is connected to registers with an asynchronous reset. This is preventing the possibility of merging these registers in to the DSP Block since the DSP block registers only possess synchronous reset capability.  It is suggested to recode or change these registers to remove the reset or use a synchronous reset to get the best optimization for performance, power and area.
Related violations: <none>

DPIR-1#143 Warning
Asynchronous driver check  
DSP design_1_i/polymul_axi_top_0/inst/u_core/u_pwm/u_mul_3/product input pin design_1_i/polymul_axi_top_0/inst/u_core/u_pwm/u_mul_3/product/B[11] is connected to registers with an asynchronous reset. This is preventing the possibility of merging these registers in to the DSP Block since the DSP block registers only possess synchronous reset capability.  It is suggested to recode or change these registers to remove the reset or use a synchronous reset to get the best optimization for performance, power and area.
Related violations: <none>

DPIR-1#144 Warning
Asynchronous driver check  
DSP design_1_i/polymul_axi_top_0/inst/u_core/u_pwm/u_mul_3/product input pin design_1_i/polymul_axi_top_0/inst/u_core/u_pwm/u_mul_3/product/B[1] is connected to registers with an asynchronous reset. This is preventing the possibility of merging these registers in to the DSP Block since the DSP block registers only possess synchronous reset capability.  It is suggested to recode or change these registers to remove the reset or use a synchronous reset to get the best optimization for performance, power and area.
Related violations: <none>

DPIR-1#145 Warning
Asynchronous driver check  
DSP design_1_i/polymul_axi_top_0/inst/u_core/u_pwm/u_mul_3/product input pin design_1_i/polymul_axi_top_0/inst/u_core/u_pwm/u_mul_3/product/B[2] is connected to registers with an asynchronous reset. This is preventing the possibility of merging these registers in to the DSP Block since the DSP block registers only possess synchronous reset capability.  It is suggested to recode or change these registers to remove the reset or use a synchronous reset to get the best optimization for performance, power and area.
Related violations: <none>

DPIR-1#146 Warning
Asynchronous driver check  
DSP design_1_i/polymul_axi_top_0/inst/u_core/u_pwm/u_mul_3/product input pin design_1_i/polymul_axi_top_0/inst/u_core/u_pwm/u_mul_3/product/B[3] is connected to registers with an asynchronous reset. This is preventing the possibility of merging these registers in to the DSP Block since the DSP block registers only possess synchronous reset capability.  It is suggested to recode or change these registers to remove the reset or use a synchronous reset to get the best optimization for performance, power and area.
Related violations: <none>

DPIR-1#147 Warning
Asynchronous driver check  
DSP design_1_i/polymul_axi_top_0/inst/u_core/u_pwm/u_mul_3/product input pin design_1_i/polymul_axi_top_0/inst/u_core/u_pwm/u_mul_3/product/B[4] is connected to registers with an asynchronous reset. This is preventing the possibility of merging these registers in to the DSP Block since the DSP block registers only possess synchronous reset capability.  It is suggested to recode or change these registers to remove the reset or use a synchronous reset to get the best optimization for performance, power and area.
Related violations: <none>

DPIR-1#148 Warning
Asynchronous driver check  
DSP design_1_i/polymul_axi_top_0/inst/u_core/u_pwm/u_mul_3/product input pin design_1_i/polymul_axi_top_0/inst/u_core/u_pwm/u_mul_3/product/B[5] is connected to registers with an asynchronous reset. This is preventing the possibility of merging these registers in to the DSP Block since the DSP block registers only possess synchronous reset capability.  It is suggested to recode or change these registers to remove the reset or use a synchronous reset to get the best optimization for performance, power and area.
Related violations: <none>

DPIR-1#149 Warning
Asynchronous driver check  
DSP design_1_i/polymul_axi_top_0/inst/u_core/u_pwm/u_mul_3/product input pin design_1_i/polymul_axi_top_0/inst/u_core/u_pwm/u_mul_3/product/B[6] is connected to registers with an asynchronous reset. This is preventing the possibility of merging these registers in to the DSP Block since the DSP block registers only possess synchronous reset capability.  It is suggested to recode or change these registers to remove the reset or use a synchronous reset to get the best optimization for performance, power and area.
Related violations: <none>

DPIR-1#150 Warning
Asynchronous driver check  
DSP design_1_i/polymul_axi_top_0/inst/u_core/u_pwm/u_mul_3/product input pin design_1_i/polymul_axi_top_0/inst/u_core/u_pwm/u_mul_3/product/B[7] is connected to registers with an asynchronous reset. This is preventing the possibility of merging these registers in to the DSP Block since the DSP block registers only possess synchronous reset capability.  It is suggested to recode or change these registers to remove the reset or use a synchronous reset to get the best optimization for performance, power and area.
Related violations: <none>

DPIR-1#151 Warning
Asynchronous driver check  
DSP design_1_i/polymul_axi_top_0/inst/u_core/u_pwm/u_mul_3/product input pin design_1_i/polymul_axi_top_0/inst/u_core/u_pwm/u_mul_3/product/B[8] is connected to registers with an asynchronous reset. This is preventing the possibility of merging these registers in to the DSP Block since the DSP block registers only possess synchronous reset capability.  It is suggested to recode or change these registers to remove the reset or use a synchronous reset to get the best optimization for performance, power and area.
Related violations: <none>

DPIR-1#152 Warning
Asynchronous driver check  
DSP design_1_i/polymul_axi_top_0/inst/u_core/u_pwm/u_mul_3/product input pin design_1_i/polymul_axi_top_0/inst/u_core/u_pwm/u_mul_3/product/B[9] is connected to registers with an asynchronous reset. This is preventing the possibility of merging these registers in to the DSP Block since the DSP block registers only possess synchronous reset capability.  It is suggested to recode or change these registers to remove the reset or use a synchronous reset to get the best optimization for performance, power and area.
Related violations: <none>

DPIR-1#153 Warning
Asynchronous driver check  
DSP design_1_i/polymul_axi_top_0/inst/u_core/u_pwm/u_mul_4/product input pin design_1_i/polymul_axi_top_0/inst/u_core/u_pwm/u_mul_4/product/A[0] is connected to registers with an asynchronous reset. This is preventing the possibility of merging these registers in to the DSP Block since the DSP block registers only possess synchronous reset capability.  It is suggested to recode or change these registers to remove the reset or use a synchronous reset to get the best optimization for performance, power and area.
Related violations: <none>

DPIR-1#154 Warning
Asynchronous driver check  
DSP design_1_i/polymul_axi_top_0/inst/u_core/u_pwm/u_mul_4/product input pin design_1_i/polymul_axi_top_0/inst/u_core/u_pwm/u_mul_4/product/A[10] is connected to registers with an asynchronous reset. This is preventing the possibility of merging these registers in to the DSP Block since the DSP block registers only possess synchronous reset capability.  It is suggested to recode or change these registers to remove the reset or use a synchronous reset to get the best optimization for performance, power and area.
Related violations: <none>

DPIR-1#155 Warning
Asynchronous driver check  
DSP design_1_i/polymul_axi_top_0/inst/u_core/u_pwm/u_mul_4/product input pin design_1_i/polymul_axi_top_0/inst/u_core/u_pwm/u_mul_4/product/A[11] is connected to registers with an asynchronous reset. This is preventing the possibility of merging these registers in to the DSP Block since the DSP block registers only possess synchronous reset capability.  It is suggested to recode or change these registers to remove the reset or use a synchronous reset to get the best optimization for performance, power and area.
Related violations: <none>

DPIR-1#156 Warning
Asynchronous driver check  
DSP design_1_i/polymul_axi_top_0/inst/u_core/u_pwm/u_mul_4/product input pin design_1_i/polymul_axi_top_0/inst/u_core/u_pwm/u_mul_4/product/A[12] is connected to registers with an asynchronous reset. This is preventing the possibility of merging these registers in to the DSP Block since the DSP block registers only possess synchronous reset capability.  It is suggested to recode or change these registers to remove the reset or use a synchronous reset to get the best optimization for performance, power and area.
Related violations: <none>

DPIR-1#157 Warning
Asynchronous driver check  
DSP design_1_i/polymul_axi_top_0/inst/u_core/u_pwm/u_mul_4/product input pin design_1_i/polymul_axi_top_0/inst/u_core/u_pwm/u_mul_4/product/A[1] is connected to registers with an asynchronous reset. This is preventing the possibility of merging these registers in to the DSP Block since the DSP block registers only possess synchronous reset capability.  It is suggested to recode or change these registers to remove the reset or use a synchronous reset to get the best optimization for performance, power and area.
Related violations: <none>

DPIR-1#158 Warning
Asynchronous driver check  
DSP design_1_i/polymul_axi_top_0/inst/u_core/u_pwm/u_mul_4/product input pin design_1_i/polymul_axi_top_0/inst/u_core/u_pwm/u_mul_4/product/A[2] is connected to registers with an asynchronous reset. This is preventing the possibility of merging these registers in to the DSP Block since the DSP block registers only possess synchronous reset capability.  It is suggested to recode or change these registers to remove the reset or use a synchronous reset to get the best optimization for performance, power and area.
Related violations: <none>

DPIR-1#159 Warning
Asynchronous driver check  
DSP design_1_i/polymul_axi_top_0/inst/u_core/u_pwm/u_mul_4/product input pin design_1_i/polymul_axi_top_0/inst/u_core/u_pwm/u_mul_4/product/A[3] is connected to registers with an asynchronous reset. This is preventing the possibility of merging these registers in to the DSP Block since the DSP block registers only possess synchronous reset capability.  It is suggested to recode or change these registers to remove the reset or use a synchronous reset to get the best optimization for performance, power and area.
Related violations: <none>

DPIR-1#160 Warning
Asynchronous driver check  
DSP design_1_i/polymul_axi_top_0/inst/u_core/u_pwm/u_mul_4/product input pin design_1_i/polymul_axi_top_0/inst/u_core/u_pwm/u_mul_4/product/A[4] is connected to registers with an asynchronous reset. This is preventing the possibility of merging these registers in to the DSP Block since the DSP block registers only possess synchronous reset capability.  It is suggested to recode or change these registers to remove the reset or use a synchronous reset to get the best optimization for performance, power and area.
Related violations: <none>

DPIR-1#161 Warning
Asynchronous driver check  
DSP design_1_i/polymul_axi_top_0/inst/u_core/u_pwm/u_mul_4/product input pin design_1_i/polymul_axi_top_0/inst/u_core/u_pwm/u_mul_4/product/A[5] is connected to registers with an asynchronous reset. This is preventing the possibility of merging these registers in to the DSP Block since the DSP block registers only possess synchronous reset capability.  It is suggested to recode or change these registers to remove the reset or use a synchronous reset to get the best optimization for performance, power and area.
Related violations: <none>

DPIR-1#162 Warning
Asynchronous driver check  
DSP design_1_i/polymul_axi_top_0/inst/u_core/u_pwm/u_mul_4/product input pin design_1_i/polymul_axi_top_0/inst/u_core/u_pwm/u_mul_4/product/A[6] is connected to registers with an asynchronous reset. This is preventing the possibility of merging these registers in to the DSP Block since the DSP block registers only possess synchronous reset capability.  It is suggested to recode or change these registers to remove the reset or use a synchronous reset to get the best optimization for performance, power and area.
Related violations: <none>

DPIR-1#163 Warning
Asynchronous driver check  
DSP design_1_i/polymul_axi_top_0/inst/u_core/u_pwm/u_mul_4/product input pin design_1_i/polymul_axi_top_0/inst/u_core/u_pwm/u_mul_4/product/A[7] is connected to registers with an asynchronous reset. This is preventing the possibility of merging these registers in to the DSP Block since the DSP block registers only possess synchronous reset capability.  It is suggested to recode or change these registers to remove the reset or use a synchronous reset to get the best optimization for performance, power and area.
Related violations: <none>

DPIR-1#164 Warning
Asynchronous driver check  
DSP design_1_i/polymul_axi_top_0/inst/u_core/u_pwm/u_mul_4/product input pin design_1_i/polymul_axi_top_0/inst/u_core/u_pwm/u_mul_4/product/A[8] is connected to registers with an asynchronous reset. This is preventing the possibility of merging these registers in to the DSP Block since the DSP block registers only possess synchronous reset capability.  It is suggested to recode or change these registers to remove the reset or use a synchronous reset to get the best optimization for performance, power and area.
Related violations: <none>

DPIR-1#165 Warning
Asynchronous driver check  
DSP design_1_i/polymul_axi_top_0/inst/u_core/u_pwm/u_mul_4/product input pin design_1_i/polymul_axi_top_0/inst/u_core/u_pwm/u_mul_4/product/A[9] is connected to registers with an asynchronous reset. This is preventing the possibility of merging these registers in to the DSP Block since the DSP block registers only possess synchronous reset capability.  It is suggested to recode or change these registers to remove the reset or use a synchronous reset to get the best optimization for performance, power and area.
Related violations: <none>

DPIR-1#166 Warning
Asynchronous driver check  
DSP design_1_i/polymul_axi_top_0/inst/u_core/u_pwm/u_mul_4/product input pin design_1_i/polymul_axi_top_0/inst/u_core/u_pwm/u_mul_4/product/B[0] is connected to registers with an asynchronous reset. This is preventing the possibility of merging these registers in to the DSP Block since the DSP block registers only possess synchronous reset capability.  It is suggested to recode or change these registers to remove the reset or use a synchronous reset to get the best optimization for performance, power and area.
Related violations: <none>

DPIR-1#167 Warning
Asynchronous driver check  
DSP design_1_i/polymul_axi_top_0/inst/u_core/u_pwm/u_mul_4/product input pin design_1_i/polymul_axi_top_0/inst/u_core/u_pwm/u_mul_4/product/B[10] is connected to registers with an asynchronous reset. This is preventing the possibility of merging these registers in to the DSP Block since the DSP block registers only possess synchronous reset capability.  It is suggested to recode or change these registers to remove the reset or use a synchronous reset to get the best optimization for performance, power and area.
Related violations: <none>

DPIR-1#168 Warning
Asynchronous driver check  
DSP design_1_i/polymul_axi_top_0/inst/u_core/u_pwm/u_mul_4/product input pin design_1_i/polymul_axi_top_0/inst/u_core/u_pwm/u_mul_4/product/B[11] is connected to registers with an asynchronous reset. This is preventing the possibility of merging these registers in to the DSP Block since the DSP block registers only possess synchronous reset capability.  It is suggested to recode or change these registers to remove the reset or use a synchronous reset to get the best optimization for performance, power and area.
Related violations: <none>

DPIR-1#169 Warning
Asynchronous driver check  
DSP design_1_i/polymul_axi_top_0/inst/u_core/u_pwm/u_mul_4/product input pin design_1_i/polymul_axi_top_0/inst/u_core/u_pwm/u_mul_4/product/B[1] is connected to registers with an asynchronous reset. This is preventing the possibility of merging these registers in to the DSP Block since the DSP block registers only possess synchronous reset capability.  It is suggested to recode or change these registers to remove the reset or use a synchronous reset to get the best optimization for performance, power and area.
Related violations: <none>

DPIR-1#170 Warning
Asynchronous driver check  
DSP design_1_i/polymul_axi_top_0/inst/u_core/u_pwm/u_mul_4/product input pin design_1_i/polymul_axi_top_0/inst/u_core/u_pwm/u_mul_4/product/B[2] is connected to registers with an asynchronous reset. This is preventing the possibility of merging these registers in to the DSP Block since the DSP block registers only possess synchronous reset capability.  It is suggested to recode or change these registers to remove the reset or use a synchronous reset to get the best optimization for performance, power and area.
Related violations: <none>

DPIR-1#171 Warning
Asynchronous driver check  
DSP design_1_i/polymul_axi_top_0/inst/u_core/u_pwm/u_mul_4/product input pin design_1_i/polymul_axi_top_0/inst/u_core/u_pwm/u_mul_4/product/B[3] is connected to registers with an asynchronous reset. This is preventing the possibility of merging these registers in to the DSP Block since the DSP block registers only possess synchronous reset capability.  It is suggested to recode or change these registers to remove the reset or use a synchronous reset to get the best optimization for performance, power and area.
Related violations: <none>

DPIR-1#172 Warning
Asynchronous driver check  
DSP design_1_i/polymul_axi_top_0/inst/u_core/u_pwm/u_mul_4/product input pin design_1_i/polymul_axi_top_0/inst/u_core/u_pwm/u_mul_4/product/B[4] is connected to registers with an asynchronous reset. This is preventing the possibility of merging these registers in to the DSP Block since the DSP block registers only possess synchronous reset capability.  It is suggested to recode or change these registers to remove the reset or use a synchronous reset to get the best optimization for performance, power and area.
Related violations: <none>

DPIR-1#173 Warning
Asynchronous driver check  
DSP design_1_i/polymul_axi_top_0/inst/u_core/u_pwm/u_mul_4/product input pin design_1_i/polymul_axi_top_0/inst/u_core/u_pwm/u_mul_4/product/B[5] is connected to registers with an asynchronous reset. This is preventing the possibility of merging these registers in to the DSP Block since the DSP block registers only possess synchronous reset capability.  It is suggested to recode or change these registers to remove the reset or use a synchronous reset to get the best optimization for performance, power and area.
Related violations: <none>

DPIR-1#174 Warning
Asynchronous driver check  
DSP design_1_i/polymul_axi_top_0/inst/u_core/u_pwm/u_mul_4/product input pin design_1_i/polymul_axi_top_0/inst/u_core/u_pwm/u_mul_4/product/B[6] is connected to registers with an asynchronous reset. This is preventing the possibility of merging these registers in to the DSP Block since the DSP block registers only possess synchronous reset capability.  It is suggested to recode or change these registers to remove the reset or use a synchronous reset to get the best optimization for performance, power and area.
Related violations: <none>

DPIR-1#175 Warning
Asynchronous driver check  
DSP design_1_i/polymul_axi_top_0/inst/u_core/u_pwm/u_mul_4/product input pin design_1_i/polymul_axi_top_0/inst/u_core/u_pwm/u_mul_4/product/B[7] is connected to registers with an asynchronous reset. This is preventing the possibility of merging these registers in to the DSP Block since the DSP block registers only possess synchronous reset capability.  It is suggested to recode or change these registers to remove the reset or use a synchronous reset to get the best optimization for performance, power and area.
Related violations: <none>

DPIR-1#176 Warning
Asynchronous driver check  
DSP design_1_i/polymul_axi_top_0/inst/u_core/u_pwm/u_mul_4/product input pin design_1_i/polymul_axi_top_0/inst/u_core/u_pwm/u_mul_4/product/B[8] is connected to registers with an asynchronous reset. This is preventing the possibility of merging these registers in to the DSP Block since the DSP block registers only possess synchronous reset capability.  It is suggested to recode or change these registers to remove the reset or use a synchronous reset to get the best optimization for performance, power and area.
Related violations: <none>

DPIR-1#177 Warning
Asynchronous driver check  
DSP design_1_i/polymul_axi_top_0/inst/u_core/u_pwm/u_mul_4/product input pin design_1_i/polymul_axi_top_0/inst/u_core/u_pwm/u_mul_4/product/B[9] is connected to registers with an asynchronous reset. This is preventing the possibility of merging these registers in to the DSP Block since the DSP block registers only possess synchronous reset capability.  It is suggested to recode or change these registers to remove the reset or use a synchronous reset to get the best optimization for performance, power and area.
Related violations: <none>

LUTAR-1#1 Warning
LUT drives async reset alert  
LUT cell dbg_hub/inst/BSCANID.u_xsdbm_id/CORE_XSDB.UUT_MASTER/U_ICON_INTERFACE/U_CMD6_RD/U_RD_FIFO/SUBCORE_FIFO.xsdbm_v3_0_0_rdfifo_inst/inst_fifo_gen/gconvfifo.rf/grf.rf/rstblk/ngwrdrst.grst.g7serrst.gwrrd_rst_sync_stage[2].rrst_inst/ngwrdrst.grst.g7serrst.rd_rst_reg[2]_i_1, with 2 or more inputs, drives asynchronous preset/clear pin(s) dbg_hub/inst/BSCANID.u_xsdbm_id/CORE_XSDB.UUT_MASTER/U_ICON_INTERFACE/U_CMD6_RD/U_RD_FIFO/SUBCORE_FIFO.xsdbm_v3_0_0_rdfifo_inst/inst_fifo_gen/gconvfifo.rf/grf.rf/rstblk/ngwrdrst.grst.g7serrst.rd_rst_reg_reg[0]/PRE, dbg_hub/inst/BSCANID.u_xsdbm_id/CORE_XSDB.UUT_MASTER/U_ICON_INTERFACE/U_CMD6_RD/U_RD_FIFO/SUBCORE_FIFO.xsdbm_v3_0_0_rdfifo_inst/inst_fifo_gen/gconvfifo.rf/grf.rf/rstblk/ngwrdrst.grst.g7serrst.rd_rst_reg_reg[1]/PRE, dbg_hub/inst/BSCANID.u_xsdbm_id/CORE_XSDB.UUT_MASTER/U_ICON_INTERFACE/U_CMD6_RD/U_RD_FIFO/SUBCORE_FIFO.xsdbm_v3_0_0_rdfifo_inst/inst_fifo_gen/gconvfifo.rf/grf.rf/rstblk/ngwrdrst.grst.g7serrst.rd_rst_reg_reg[2]/PRE. The LUT may glitch and trigger an unexpected reset, even if it is a properly timed path.
Related violations: <none>

LUTAR-1#2 Warning
LUT drives async reset alert  
LUT cell dbg_hub/inst/BSCANID.u_xsdbm_id/CORE_XSDB.UUT_MASTER/U_ICON_INTERFACE/U_CMD6_RD/U_RD_FIFO/SUBCORE_FIFO.xsdbm_v3_0_0_rdfifo_inst/inst_fifo_gen/gconvfifo.rf/grf.rf/rstblk/ngwrdrst.grst.g7serrst.gwrrd_rst_sync_stage[2].wrst_inst/ngwrdrst.grst.g7serrst.wr_rst_reg[2]_i_1, with 2 or more inputs, drives asynchronous preset/clear pin(s) dbg_hub/inst/BSCANID.u_xsdbm_id/CORE_XSDB.UUT_MASTER/U_ICON_INTERFACE/U_CMD6_RD/U_RD_FIFO/SUBCORE_FIFO.xsdbm_v3_0_0_rdfifo_inst/inst_fifo_gen/gconvfifo.rf/grf.rf/rstblk/ngwrdrst.grst.g7serrst.wr_rst_reg_reg[0]/PRE, dbg_hub/inst/BSCANID.u_xsdbm_id/CORE_XSDB.UUT_MASTER/U_ICON_INTERFACE/U_CMD6_RD/U_RD_FIFO/SUBCORE_FIFO.xsdbm_v3_0_0_rdfifo_inst/inst_fifo_gen/gconvfifo.rf/grf.rf/rstblk/ngwrdrst.grst.g7serrst.wr_rst_reg_reg[1]/PRE, dbg_hub/inst/BSCANID.u_xsdbm_id/CORE_XSDB.UUT_MASTER/U_ICON_INTERFACE/U_CMD6_RD/U_RD_FIFO/SUBCORE_FIFO.xsdbm_v3_0_0_rdfifo_inst/inst_fifo_gen/gconvfifo.rf/grf.rf/rstblk/ngwrdrst.grst.g7serrst.wr_rst_reg_reg[2]/PRE. The LUT may glitch and trigger an unexpected reset, even if it is a properly timed path.
Related violations: <none>

LUTAR-1#3 Warning
LUT drives async reset alert  
LUT cell dbg_hub/inst/BSCANID.u_xsdbm_id/CORE_XSDB.UUT_MASTER/U_ICON_INTERFACE/U_CMD6_WR/U_WR_FIFO/SUBCORE_FIFO.xsdbm_v3_0_0_wrfifo_inst/inst_fifo_gen/gconvfifo.rf/grf.rf/rstblk/ngwrdrst.grst.g7serrst.gwrrd_rst_sync_stage[2].rrst_inst/ngwrdrst.grst.g7serrst.rd_rst_reg[2]_i_1, with 2 or more inputs, drives asynchronous preset/clear pin(s) dbg_hub/inst/BSCANID.u_xsdbm_id/CORE_XSDB.UUT_MASTER/U_ICON_INTERFACE/U_CMD6_WR/U_WR_FIFO/SUBCORE_FIFO.xsdbm_v3_0_0_wrfifo_inst/inst_fifo_gen/gconvfifo.rf/grf.rf/rstblk/ngwrdrst.grst.g7serrst.rd_rst_reg_reg[0]/PRE, dbg_hub/inst/BSCANID.u_xsdbm_id/CORE_XSDB.UUT_MASTER/U_ICON_INTERFACE/U_CMD6_WR/U_WR_FIFO/SUBCORE_FIFO.xsdbm_v3_0_0_wrfifo_inst/inst_fifo_gen/gconvfifo.rf/grf.rf/rstblk/ngwrdrst.grst.g7serrst.rd_rst_reg_reg[1]/PRE, dbg_hub/inst/BSCANID.u_xsdbm_id/CORE_XSDB.UUT_MASTER/U_ICON_INTERFACE/U_CMD6_WR/U_WR_FIFO/SUBCORE_FIFO.xsdbm_v3_0_0_wrfifo_inst/inst_fifo_gen/gconvfifo.rf/grf.rf/rstblk/ngwrdrst.grst.g7serrst.rd_rst_reg_reg[2]/PRE. The LUT may glitch and trigger an unexpected reset, even if it is a properly timed path.
Related violations: <none>

LUTAR-1#4 Warning
LUT drives async reset alert  
LUT cell dbg_hub/inst/BSCANID.u_xsdbm_id/CORE_XSDB.UUT_MASTER/U_ICON_INTERFACE/U_CMD6_WR/U_WR_FIFO/SUBCORE_FIFO.xsdbm_v3_0_0_wrfifo_inst/inst_fifo_gen/gconvfifo.rf/grf.rf/rstblk/ngwrdrst.grst.g7serrst.gwrrd_rst_sync_stage[2].wrst_inst/ngwrdrst.grst.g7serrst.wr_rst_reg[2]_i_1, with 2 or more inputs, drives asynchronous preset/clear pin(s) dbg_hub/inst/BSCANID.u_xsdbm_id/CORE_XSDB.UUT_MASTER/U_ICON_INTERFACE/U_CMD6_WR/U_WR_FIFO/SUBCORE_FIFO.xsdbm_v3_0_0_wrfifo_inst/inst_fifo_gen/gconvfifo.rf/grf.rf/rstblk/ngwrdrst.grst.g7serrst.wr_rst_reg_reg[0]/PRE, dbg_hub/inst/BSCANID.u_xsdbm_id/CORE_XSDB.UUT_MASTER/U_ICON_INTERFACE/U_CMD6_WR/U_WR_FIFO/SUBCORE_FIFO.xsdbm_v3_0_0_wrfifo_inst/inst_fifo_gen/gconvfifo.rf/grf.rf/rstblk/ngwrdrst.grst.g7serrst.wr_rst_reg_reg[1]/PRE, dbg_hub/inst/BSCANID.u_xsdbm_id/CORE_XSDB.UUT_MASTER/U_ICON_INTERFACE/U_CMD6_WR/U_WR_FIFO/SUBCORE_FIFO.xsdbm_v3_0_0_wrfifo_inst/inst_fifo_gen/gconvfifo.rf/grf.rf/rstblk/ngwrdrst.grst.g7serrst.wr_rst_reg_reg[2]/PRE. The LUT may glitch and trigger an unexpected reset, even if it is a properly timed path.
Related violations: <none>

LUTAR-1#5 Warning
LUT drives async reset alert  
LUT cell dbg_hub/inst/BSCANID.u_xsdbm_id/CORE_XSDB.U_ICON/U_CMD/iTDO_i_2, with 2 or more inputs, drives asynchronous preset/clear pin(s) dbg_hub/inst/BSCANID.u_xsdbm_id/CORE_XSDB.U_ICON/U_CMD/iTARGET_reg[10]/CLR, dbg_hub/inst/BSCANID.u_xsdbm_id/CORE_XSDB.U_ICON/U_CMD/iTARGET_reg[11]/CLR, dbg_hub/inst/BSCANID.u_xsdbm_id/CORE_XSDB.U_ICON/U_CMD/iTARGET_reg[12]/CLR, dbg_hub/inst/BSCANID.u_xsdbm_id/CORE_XSDB.U_ICON/U_CMD/iTARGET_reg[13]/CLR, dbg_hub/inst/BSCANID.u_xsdbm_id/CORE_XSDB.U_ICON/U_CMD/iTARGET_reg[14]/CLR, dbg_hub/inst/BSCANID.u_xsdbm_id/CORE_XSDB.U_ICON/U_CMD/iTARGET_reg[15]/CLR, dbg_hub/inst/BSCANID.u_xsdbm_id/CORE_XSDB.U_ICON/U_CMD/iTARGET_reg[6]/CLR, dbg_hub/inst/BSCANID.u_xsdbm_id/CORE_XSDB.U_ICON/U_CMD/iTARGET_reg[7]/CLR, dbg_hub/inst/BSCANID.u_xsdbm_id/CORE_XSDB.U_ICON/U_CMD/iTARGET_reg[8]/CLR, dbg_hub/inst/BSCANID.u_xsdbm_id/CORE_XSDB.U_ICON/U_CMD/iTARGET_reg[9]/CLR. The LUT may glitch and trigger an unexpected reset, even if it is a properly timed path.
Related violations: <none>

LUTAR-1#6 Warning
LUT drives async reset alert  
LUT cell design_1_i/polymul_axi_top_0/inst/u_core/u_pwm/u_mul_4/br_inst/sum_signed_carry_i_11, with 2 or more inputs, drives asynchronous preset/clear pin(s) design_1_i/polymul_axi_top_0/c0_s1_reg[7]_i_2/CLR, design_1_i/polymul_axi_top_0/c0_s1_reg[7]_i_2__0/CLR, design_1_i/polymul_axi_top_0/c0_s1_reg[7]_i_2__1/CLR, design_1_i/polymul_axi_top_0/c0_s1_reg[7]_i_2__2/CLR, design_1_i/polymul_axi_top_0/c0_s1_reg[7]_i_2__3/CLR, design_1_i/polymul_axi_top_0/c0_s1_reg[7]_i_2__4/CLR, design_1_i/polymul_axi_top_0/c0_s1_reg[7]_i_2__5/CLR, design_1_i/polymul_axi_top_0/inst/FSM_sequential_state_reg[0]/CLR, design_1_i/polymul_axi_top_0/inst/FSM_sequential_state_reg[1]/CLR, design_1_i/polymul_axi_top_0/inst/FSM_sequential_state_reg[2]/CLR, design_1_i/polymul_axi_top_0/inst/cnt_reg[0]/CLR, design_1_i/polymul_axi_top_0/inst/cnt_reg[1]/CLR, design_1_i/polymul_axi_top_0/inst/cnt_reg[2]/CLR, design_1_i/polymul_axi_top_0/inst/cnt_reg[3]/CLR, design_1_i/polymul_axi_top_0/inst/cnt_reg[4]/CLR (the first 15 of 741 listed). The LUT may glitch and trigger an unexpected reset, even if it is a properly timed path.
Related violations: <none>

PDRC-190#1 Warning
Suboptimally placed synchronized register chain  
The FDRE cell dbg_hub/inst/BSCANID.u_xsdbm_id/CORE_XSDB.UUT_MASTER/U_ICON_INTERFACE/U_CMD2/stat_reg_reg[0] in site SLICE_X64Y42 is part of a synchronized register chain that is suboptimally placed as the load FDRE cell dbg_hub/inst/BSCANID.u_xsdbm_id/CORE_XSDB.UUT_MASTER/U_ICON_INTERFACE/U_CMD2/stat_reg_1_reg[0] is not placed in the same (SLICE) site.
Related violations: <none>

PDRC-190#2 Warning
Suboptimally placed synchronized register chain  
The FDRE cell dbg_hub/inst/BSCANID.u_xsdbm_id/CORE_XSDB.UUT_MASTER/U_ICON_INTERFACE/U_CMD2/stat_reg_reg[1] in site SLICE_X62Y41 is part of a synchronized register chain that is suboptimally placed as the load FDRE cell dbg_hub/inst/BSCANID.u_xsdbm_id/CORE_XSDB.UUT_MASTER/U_ICON_INTERFACE/U_CMD2/stat_reg_1_reg[1] is not placed in the same (SLICE) site.
Related violations: <none>

PDRC-190#3 Warning
Suboptimally placed synchronized register chain  
The FDRE cell dbg_hub/inst/BSCANID.u_xsdbm_id/CORE_XSDB.UUT_MASTER/U_ICON_INTERFACE/U_CMD2/stat_reg_reg[2] in site SLICE_X64Y40 is part of a synchronized register chain that is suboptimally placed as the load FDRE cell dbg_hub/inst/BSCANID.u_xsdbm_id/CORE_XSDB.UUT_MASTER/U_ICON_INTERFACE/U_CMD2/stat_reg_1_reg[2] is not placed in the same (SLICE) site.
Related violations: <none>

PDRC-190#4 Warning
Suboptimally placed synchronized register chain  
The FDRE cell dbg_hub/inst/BSCANID.u_xsdbm_id/CORE_XSDB.UUT_MASTER/U_ICON_INTERFACE/U_CMD2/stat_reg_reg[3] in site SLICE_X65Y41 is part of a synchronized register chain that is suboptimally placed as the load FDRE cell dbg_hub/inst/BSCANID.u_xsdbm_id/CORE_XSDB.UUT_MASTER/U_ICON_INTERFACE/U_CMD2/stat_reg_1_reg[3] is not placed in the same (SLICE) site.
Related violations: <none>

PDRC-190#5 Warning
Suboptimally placed synchronized register chain  
The FDRE cell dbg_hub/inst/BSCANID.u_xsdbm_id/CORE_XSDB.UUT_MASTER/U_ICON_INTERFACE/U_CMD3/stat_reg_reg[0] in site SLICE_X63Y41 is part of a synchronized register chain that is suboptimally placed as the load FDRE cell dbg_hub/inst/BSCANID.u_xsdbm_id/CORE_XSDB.UUT_MASTER/U_ICON_INTERFACE/U_CMD3/stat_reg_1_reg[0] is not placed in the same (SLICE) site.
Related violations: <none>

PDRC-190#6 Warning
Suboptimally placed synchronized register chain  
The FDRE cell dbg_hub/inst/BSCANID.u_xsdbm_id/CORE_XSDB.UUT_MASTER/U_ICON_INTERFACE/U_CMD3/stat_reg_reg[1] in site SLICE_X60Y42 is part of a synchronized register chain that is suboptimally placed as the load FDRE cell dbg_hub/inst/BSCANID.u_xsdbm_id/CORE_XSDB.UUT_MASTER/U_ICON_INTERFACE/U_CMD3/stat_reg_1_reg[1] is not placed in the same (SLICE) site.
Related violations: <none>

PDRC-190#7 Warning
Suboptimally placed synchronized register chain  
The FDRE cell dbg_hub/inst/BSCANID.u_xsdbm_id/CORE_XSDB.UUT_MASTER/U_ICON_INTERFACE/U_CMD3/stat_reg_reg[2] in site SLICE_X63Y39 is part of a synchronized register chain that is suboptimally placed as the load FDRE cell dbg_hub/inst/BSCANID.u_xsdbm_id/CORE_XSDB.UUT_MASTER/U_ICON_INTERFACE/U_CMD3/stat_reg_1_reg[2] is not placed in the same (SLICE) site.
Related violations: <none>

PDRC-190#8 Warning
Suboptimally placed synchronized register chain  
The FDRE cell dbg_hub/inst/BSCANID.u_xsdbm_id/CORE_XSDB.UUT_MASTER/U_ICON_INTERFACE/U_CMD7_STAT/stat_reg_reg[0] in site SLICE_X69Y44 is part of a synchronized register chain that is suboptimally placed as the load FDRE cell dbg_hub/inst/BSCANID.u_xsdbm_id/CORE_XSDB.UUT_MASTER/U_ICON_INTERFACE/U_CMD7_STAT/stat_reg_1_reg[0] is not placed in the same (SLICE) site.
Related violations: <none>

PDRC-190#9 Warning
Suboptimally placed synchronized register chain  
The FDRE cell dbg_hub/inst/BSCANID.u_xsdbm_id/CORE_XSDB.UUT_MASTER/U_ICON_INTERFACE/U_CMD7_STAT/stat_reg_reg[1] in site SLICE_X68Y43 is part of a synchronized register chain that is suboptimally placed as the load FDRE cell dbg_hub/inst/BSCANID.u_xsdbm_id/CORE_XSDB.UUT_MASTER/U_ICON_INTERFACE/U_CMD7_STAT/stat_reg_1_reg[1] is not placed in the same (SLICE) site.
Related violations: <none>

PDRC-190#10 Warning
Suboptimally placed synchronized register chain  
The FDRE cell dbg_hub/inst/BSCANID.u_xsdbm_id/CORE_XSDB.UUT_MASTER/U_ICON_INTERFACE/U_CMD7_STAT/stat_reg_reg[2] in site SLICE_X70Y42 is part of a synchronized register chain that is suboptimally placed as the load FDRE cell dbg_hub/inst/BSCANID.u_xsdbm_id/CORE_XSDB.UUT_MASTER/U_ICON_INTERFACE/U_CMD7_STAT/stat_reg_1_reg[2] is not placed in the same (SLICE) site.
Related violations: <none>


